# source, target
0,219
1,220
2,0
3,1
4,1
5,2
8,3
8,4
9,2
9,6
10,3
10,4
10,5
10,6
11,0
13,5
13,7
13,9
14,6
15,9
16,0
16,1
16,3
16,10
17,4
17,10
18,0
19,1
19,3
19,11
19,12
19,18
21,20
22,20
23,20
24,21
25,22
26,1
26,23
27,4
27,11
27,17
27,24
28,0
28,9
28,25
29,1
29,12
29,26
30,4
30,8
30,10
30,11
30,12
30,13
30,19
30,27
31,5
31,9
31,11
31,13
31,14
31,28
32,12
32,13
32,29
33,30
34,14
34,31
35,14
35,32
39,36
39,37
39,38
40,24
40,25
40,27
40,28
41,24
41,27
41,29
42,25
42,26
42,28
42,29
43,30
43,31
43,40
44,30
44,32
44,41
45,31
45,32
46,33
46,34
46,36
46,37
46,39
46,43
47,33
47,35
47,36
47,38
47,39
47,44
48,34
48,35
48,37
48,38
48,39
52,20
52,49
53,2
53,25
53,50
54,3
54,51
55,6
55,9
55,11
55,13
56,6
56,10
56,12
56,13
58,57
59,116
60,59
62,61
64,58
65,63
66,65
67,63
68,64
68,66
70,62
70,64
70,66
71,67
71,69
72,67
72,68
72,70
72,71
73,67
73,69
74,64
74,67
74,72
76,75
76,76
77,69
77,75
78,72
78,76
78,77
79,61
80,64
80,76
80,79
82,81
90,89
94,90
95,93
95,94
96,96
98,88
99,89
100,99
101,89
101,90
101,96
103,102
105,86
105,96
105,100
106,96
106,97
106,98
106,101
107,96
107,97
107,98
107,101
107,103
107,106
108,87
109,88
109,108
110,87
111,110
112,87
112,108
113,109
113,111
113,112
116,59
116,83
116,104
117,84
123,119
128,116
129,128
130,120
131,121
132,122
133,123
135,134
136,134
137,135
138,136
139,119
139,137
139,138
140,64
140,104
141,57
141,63
141,81
141,105
141,140
142,63
143,60
143,123
144,70
144,99
144,122
144,131
145,69
145,71
145,116
145,130
145,136
146,72
146,117
146,131
146,133
147,81
147,82
148,71
149,58
149,148
150,57
150,58
150,59
150,61
150,65
150,74
150,75
151,58
151,62
151,64
151,70
151,74
151,76
151,78
151,150
151,151
152,65
152,73
152,141
153,66
153,84
153,140
153,149
153,152
154,61
154,63
154,69
154,77
154,144
155,62
155,64
155,78
155,154
157,59
157,76
157,102
157,103
158,59
158,75
158,110
159,60
159,68
159,76
159,105
159,158
160,69
160,77
160,132
160,158
161,70
161,78
161,159
161,160
164,97
165,98
166,86
166,93
166,94
166,95
166,96
166,97
166,98
166,101
166,106
166,107
166,109
166,165
167,159
168,158
168,167
169,75
169,78
169,108
169,110
169,111
169,167
169,168
170,76
170,109
170,110
170,111
170,158
170,159
170,167
170,168
170,169
171,91
171,92
171,101
171,109
171,111
171,158
171,167
171,168
171,170
171,171
172,91
172,92
172,108
172,169
172,170
172,171
173,97
173,166
173,169
174,98
174,166
175,92
175,164
175,169
175,171
175,173
176,92
176,166
176,167
176,172
176,174
176,175
177,102
177,108
177,109
177,113
177,163
177,167
177,170
177,171
178,159
178,171
178,172
178,178
179,130
179,132
179,179
180,131
180,133
180,179
180,180
181,81
181,124
181,126
181,128
181,130
181,132
181,154
181,171
181,179
182,81
182,91
182,104
182,125
182,129
182,131
182,133
182,180
182,181
183,65
183,77
183,79
183,83
183,93
183,116
183,168
184,66
184,76
184,78
184,84
184,86
184,117
184,163
184,172
185,71
185,75
185,90
185,99
185,150
185,155
185,156
185,182
186,72
186,76
186,154
186,156
186,171
186,181
187,66
187,77
188,78
188,84
188,186
189,90
192,101
192,191
193,91
193,96
193,101
193,105
193,107
193,148
193,171
193,172
193,181
193,182
193,188
194,91
194,106
194,143
194,158
194,171
194,182
194,187
194,193
195,101
195,103
195,159
195,170
195,171
195,172
195,176
195,177
195,178
195,185
195,186
196,92
196,156
196,163
196,170
196,172
196,173
196,174
196,175
197,92
197,105
197,110
197,113
197,169
197,170
197,174
197,175
197,176
197,177
197,196
198,101
198,111
198,159
198,171
198,172
198,174
198,175
198,176
198,177
198,178
198,186
198,193
198,194
198,195
198,196
199,92
199,95
199,97
199,99
199,100
199,161
199,162
199,169
199,176
199,197
199,198
200,79
200,92
200,94
200,97
200,100
200,160
200,175
200,176
200,196
200,199
201,171
201,172
201,178
201,193
201,195
201,198
202,172
202,174
202,196
203,159
203,166
203,174
203,176
203,196
203,198
203,200
203,201
203,202
204,69
204,141
204,179
205,192
206,148
206,156
206,186
207,149
207,156
207,185
207,194
208,71
208,82
208,156
208,172
208,183
208,201
208,206
208,207
209,78
209,157
209,162
209,194
209,206
209,207
209,208
210,181
210,182
210,190
210,192
210,206
212,157
212,212
213,90
213,91
213,101
213,176
213,179
213,180
213,212
214,101
214,175
214,176
214,179
214,180
214,212
214,213
215,97
215,98
215,103
215,112
215,113
215,124
215,127
215,171
215,172
215,173
215,174
215,175
215,196
215,197
215,199
215,200
215,207
215,208
216,78
216,92
216,97
216,102
216,110
216,113
216,125
216,126
216,174
216,192
216,197
216,198
216,199
216,200
216,203
216,206
216,207
216,209
216,213
216,215
217,92
217,97
217,101
217,106
217,107
217,110
217,167
217,173
217,175
217,196
217,197
217,202
217,215
217,216
218,98
218,101
218,102
218,103
218,107
218,113
218,166
218,196
218,197
218,198
218,200
218,202
218,203
218,215
218,216
218,217
219,0
219,69
219,136
219,219
220,1
220,219
221,114
222,115
222,125
223,116
223,118
223,122
223,198
223,219
224,139
225,181
226,104
226,116
226,136
227,115
227,138
227,185
227,219
227,220
228,134
228,135
228,156
228,179
228,198
228,208
228,209
228,225
228,226
228,227
229,132
229,138
229,205
229,209
230,93
230,104
230,133
230,183
230,190
230,205
231,116
231,206
231,226
231,229
231,230
232,156
232,209
232,216
233,130
233,133
233,152
233,191
233,209
233,229
233,231
234,72
234,131
234,135
234,189
234,192
234,208
234,209
234,216
234,230
234,232
235,90
235,185
235,190
236,90
236,186
236,189
236,235
237,183
237,184
238,133
238,184
238,188
239,215
240,216
241,215
241,216
242,86
242,156
242,179
242,180
242,186
242,192
242,205
242,229
242,231
242,237
243,59
243,63
243,85
243,156
243,180
243,185
243,209
243,230
244,85
244,156
244,191
244,204
244,228
244,233
244,235
244,243
245,70
245,205
245,208
245,234
245,236
246,189
246,192
246,193
246,194
247,85
247,93
247,180
247,191
247,193
247,194
247,243
248,192
248,193
249,70
249,143
249,146
249,184
249,191
249,193
249,194
249,247
250,104
250,179
250,200
250,216
250,242
250,246
250,248
251,142
251,180
251,218
251,235
251,249
252,90
252,104
252,213
252,214
252,218
252,231
252,248
252,250
253,179
253,180
253,214
253,218
253,229
253,233
253,237
253,246
253,251
253,252
254,179
254,200
254,206
254,230
254,246
255,89
255,99
255,101
255,180
255,185
255,207
255,243
255,247
256,170
256,179
256,186
256,205
256,234
256,250
256,252
257,90
257,101
257,180
257,205
257,231
257,233
258,100
258,209
258,215
258,216
258,241
259,100
259,215
259,216
259,258
260,100
260,102
260,215
260,216
261,215
261,216
261,217
261,260
262,102
262,215
262,216
262,259
262,260
263,215
263,216
264,215
264,217
264,218
265,158
265,170
265,178
265,215
265,216
265,217
265,264
266,101
266,113
266,166
266,201
266,212
266,215
266,216
266,218
266,265
267,101
267,109
267,159
267,201
267,265
267,266
268,101
268,102
268,212
268,214
268,263
269,214
269,268
270,96
270,212
270,213
270,214
270,269
271,213
271,214
271,270
272,213
272,214
272,271
273,213
273,214
273,272
274,101
274,166
274,169
274,213
274,214
274,217
274,218
274,273
275,100
275,208
275,209
276,259
277,103
277,216
277,259
278,260
279,214
279,216
280,213
280,214
280,216
280,262
284,169
284,193
284,215
284,216
284,264
284,274
285,101
285,167
285,169
285,170
285,171
285,177
285,178
285,193
285,212
285,265
286,166
286,171
286,196
286,212
286,267
286,274
286,285
287,99
287,163
287,241
288,287
289,270
289,271
289,288
290,289
291,290
292,170
292,171
292,172
292,177
292,178
292,195
292,198
292,201
292,217
292,265
292,267
292,291
293,215
293,216
293,259
294,88
294,215
294,239
294,260
295,215
295,216
295,239
295,261
295,275
295,276
296,215
296,216
296,276
297,216
297,259
297,275
298,215
298,260
298,294
299,215
299,216
299,296
300,215
300,216
301,215
301,216
301,218
302,102
302,199
302,215
302,216
302,265
302,274
303,101
303,215
303,216
303,218
303,266
304,112
304,171
304,216
304,217
304,218
304,265
304,266
304,284
304,292
304,303
305,168
305,192
305,213
305,239
305,244
305,269
306,213
306,214
306,305
307,214
307,268
307,296
307,306
308,213
308,214
308,269
308,306
308,307
309,213
309,214
309,308
310,213
310,214
310,270
310,309
311,213
311,214
311,271
311,306
311,310
312,213
312,214
312,301
312,311
313,107
313,213
313,214
313,312
314,106
314,107
314,193
314,213
314,217
314,218
314,303
314,313
315,193
315,213
315,214
315,215
315,217
315,218
315,266
315,285
315,304
316,162
316,181
316,182
316,195
316,243
316,287
317,287
317,294
317,316
317,317
318,287
318,288
318,295
318,317
319,288
319,318
320,288
320,289
320,319
321,106
321,289
321,320
322,289
322,290
322,321
323,290
323,322
324,96
324,103
324,107
324,290
324,291
324,323
325,291
325,324
326,195
326,198
326,201
326,216
326,291
326,292
326,314
326,325
327,167
327,169
327,170
327,172
327,198
327,201
327,292
327,304
327,314
327,315
327,326
328,166
328,171
328,176
328,178
328,195
328,198
328,201
328,202
328,203
328,217
328,266
328,286
328,292
328,304
328,327
330,329
331,329
331,330
332,331
333,332
334,333
335,334
337,336
338,336
338,337
339,338
340,339
341,340
342,341
344,343
345,343
345,344
346,345
347,346
348,347
349,348
351,350
352,350
352,351
353,352
354,353
355,354
356,355
357,335
358,317
358,357
359,358
360,359
361,360
362,361
363,362
364,363
365,364
366,365
367,366
368,367
369,368
370,369
371,370
372,371
373,372
374,342
375,374
376,375
377,376
378,377
379,378
380,379
381,380
382,381
383,382
384,383
385,384
386,385
387,386
388,387
389,388
390,389
391,287
391,349
392,391
393,392
394,393
395,394
396,395
397,396
398,397
399,398
400,399
401,400
402,171
402,285
402,401
403,402
404,403
405,404
406,405
407,287
407,356
407,392
408,407
409,408
410,409
411,410
412,411
413,412
414,413
415,414
416,415
417,416
418,417
419,418
420,419
421,420
422,421
423,422
426,57
426,122
427,227
427,329
427,330
427,334
427,342
428,121
428,227
428,329
428,330
428,334
428,336
428,341
428,342
429,121
429,225
429,227
429,336
429,340
429,341
429,343
430,220
430,225
430,226
430,339
430,340
430,343
431,220
431,226
431,228
431,339
431,340
432,228
433,69
433,228
434,102
434,157
435,103
435,157
436,157
436,434
436,435
437,69
437,157
438,102
438,103
438,335
438,342
438,347
438,349
438,354
438,356
438,357
438,358
438,374
438,391
438,407
438,437
439,68
439,70
439,79
439,85
439,88
439,92
439,97
439,101
439,108
439,109
439,110
439,111
439,112
439,158
439,166
439,167
439,168
439,169
439,170
439,171
439,172
439,175
439,177
439,193
439,194
439,195
439,196
439,197
439,198
439,199
439,202
439,203
439,208
439,212
439,214
439,215
439,216
439,217
439,218
439,243
439,265
439,266
439,267
439,274
439,284
439,285
439,286
439,294
439,302
439,303
439,315
439,327
439,434
439,435
440,440
441,439
441,440
441,441
442,439
442,440
442,441
442,442
443,439
443,440
443,441
444,75
444,76
444,157
444,162
444,165
444,171
444,176
445,76
445,157
445,165
445,172
445,176
445,287
445,444
446,172
446,287
446,316
447,198
447,290
447,316
447,446
447,447
448,198
448,290
448,446
448,447
449,167
449,168
449,448
450,167
450,168
450,195
450,198
450,449
450,450
451,195
451,198
451,450
453,452
454,452
455,453
455,454
456,454
457,455
457,456
458,456
459,457
459,458
460,448
460,454
461,448
461,455
461,460
462,460
463,461
463,462
464,462
465,463
465,464
466,448
466,456
466,464
467,448
467,457
467,465
467,466
