source, target, width, color
1,328,5.58365202,"#727272
"
4,475,6.357879162,"#7b7b7b
"
6,69,5.709767818,"#737373
"
8,18,5.119341373,"#6c6c6c
"
8,9,3.721232414,"#545454
"
10,480,8.915810585,"#949494
"
10,665,5.962564945,"#767676
"
10,714,6.187085629,"#797979
"
10,29,5.994235516,"#777777
"
11,574,5.808172226,"#747474
"
11,723,5.452445984,"#707070
"
11,287,5.675835133,"#737373
"
11,158,5.504758835,"#717171
"
11,580,5.507586479,"#717171
"
12,282,5.890175819,"#757575
"
12,545,5.675269604,"#737373
"
13,712,5.399850368,"#707070
"
13,124,5.538125515,"#717171
"
13,10,6.250991821,"#797979
"
13,481,6.0731287,"#777777
"
15,287,5.725320339,"#737373
"
17,14,5.725603104,"#737373
"
17,152,7.755899906,"#8b8b8b
"
18,353,5.533035755,"#717171
"
18,344,5.869533539,"#757575
"
18,630,5.692518711,"#737373
"
19,285,5.527663231,"#717171
"
19,378,5.409464836,"#707070
"
19,177,5.800819874,"#747474
"
20,21,5.704960823,"#737373
"
20,277,6.247033119,"#797979
"
20,89,6.215362549,"#797979
"
22,287,5.787529945,"#747474
"
22,574,6.236570358,"#797979
"
22,163,5.711181641,"#737373
"
22,158,5.787529945,"#747474
"
22,579,5.359131336,"#6f6f6f
"
23,269,5.733237743,"#737373
"
24,415,4.704472542,"#666666
"
24,48,5.542084217,"#717171
"
24,533,6.131379604,"#787878
"
24,277,6.281530857,"#7a7a7a
"
24,416,3.471834898,"#4f4f4f
"
24,21,7.309969902,"#868686
"
25,726,4.942426682,"#6a6a6a
"
26,73,7.59641695,"#898989
"
26,25,6.257778168,"#7a7a7a
"
27,578,7.197426796,"#848484
"
27,47,7.630915165,"#898989
"
27,240,11.26269913,"#a3a3a3
"
27,30,17.30233765,"#c7c7c7
"
27,35,1,"#dcdcdc
"
28,27,18.07249069,"#cbcbcb
"
28,578,9.116264343,"#959595
"
28,30,13.21584129,"#b0b0b0
"
28,35,16.17859459,"#c1c1c1
"
28,240,12.70060158,"#adadad
"
28,47,7.674461842,"#8a8a8a
"
29,238,6.950284958,"#828282
"
29,234,6.999486923,"#828282
"
29,236,7.34446764,"#868686
"
29,578,7.348144054,"#868686
"
29,31,10.94018745,"#a1a1a1
"
29,33,12.30019188,"#aaaaaa
"
29,34,9.930480003,"#9a9a9a
"
29,233,10.29169273,"#9d9d9d
"
29,241,6.388418674,"#7b7b7b
"
29,30,17.4392662,"#c8c8c8
"
29,240,7.443154812,"#878787
"
29,232,7.536752224,"#888888
"
29,28,12.30664253,"#aaaaaa
"
29,235,14.12350178,"#b5b5b5
"
29,35,15.2287569,"#bbbbbb
"
29,32,14.89365578,"#b9b9b9
"
29,27,16.18552589,"#c1c1c1
"
30,480,5.361110687,"#6f6f6f
"
30,578,9.95082283,"#9b9b9b
"
30,47,7.845820904,"#8c8c8c
"
30,240,8.981305122,"#949494
"
31,33,18.73113632,"#cfcfcf
"
31,27,14.49904537,"#b7b7b7
"
31,241,11.76184654,"#a7a7a7
"
31,704,6.065776825,"#777777
"
31,28,14.4730463,"#b7b7b7
"
31,35,12.27191067,"#aaaaaa
"
31,47,9.509231567,"#989898
"
31,240,9.401561737,"#979797
"
31,160,6.375411034,"#7b7b7b
"
31,30,10.97789669,"#a1a1a1
"
31,578,7.283671856,"#858585
"
32,28,18.08751297,"#cccccc
"
32,241,10.08478928,"#9b9b9b
"
32,578,8.36307621,"#909090
"
32,47,8.321894646,"#909090
"
32,160,5.87151289,"#757575
"
32,27,16.71822166,"#c4c4c4
"
32,35,15.16000271,"#bbbbbb
"
32,30,12.79487419,"#adadad
"
32,240,10.48768044,"#9e9e9e
"
32,31,19.52382278,"#d4d4d4
"
32,33,19.52382278,"#d4d4d4
"
33,30,12.80926323,"#adadad
"
33,35,15.16000271,"#bbbbbb
"
33,47,8.788294792,"#939393
"
33,240,11.01610184,"#a2a2a2
"
33,28,18.42723465,"#cdcdcd
"
33,578,7.208455086,"#858585
"
33,27,19.41636086,"#d3d3d3
"
34,28,15.63723278,"#bebebe
"
34,233,15.09240532,"#bbbbbb
"
34,33,12.95910645,"#aeaeae
"
34,31,11.66459751,"#a6a6a6
"
34,160,5.833621502,"#757575
"
34,241,7.162645817,"#848484
"
34,47,8.298078537,"#909090
"
34,578,8.799707413,"#939393
"
34,30,8.899933815,"#949494
"
34,240,9.222444534,"#969696
"
34,35,10.3755455,"#9d9d9d
"
34,27,11.21804333,"#a3a3a3
"
34,32,16.22481537,"#c1c1c1
"
34,285,5.620411873,"#727272
"
35,578,8.068847656,"#8e8e8e
"
35,47,8.045031548,"#8e8e8e
"
35,240,7.81924057,"#8c8c8c
"
35,30,17.70676804,"#c9c9c9
"
36,38,6.600214005,"#7e7e7e
"
36,40,7.271512985,"#858585
"
39,38,2.951334953,"#454545
"
39,37,2.505986929,"#343434
"
40,379,4.762235641,"#676767
"
42,41,4.172436714,"#5c5c5c
"
42,40,3.389731646,"#4e4e4e
"
43,42,3.893431187,"#575757
"
44,177,5.531904697,"#717171
"
45,44,3.77917695,"#555555
"
46,239,6.813140869,"#808080
"
46,28,6.420654297,"#7b7b7b
"
46,236,6.388701439,"#7b7b7b
"
46,399,5.982924461,"#767676
"
46,32,5.798274994,"#747474
"
46,177,5.782722473,"#747474
"
46,234,5.774522305,"#747474
"
46,285,5.72729969,"#737373
"
46,47,5.719947338,"#737373
"
46,31,6.085853577,"#787878
"
46,659,5.658020496,"#737373
"
46,19,5.692518711,"#737373
"
46,237,9.915595055,"#9a9a9a
"
46,530,4.687761307,"#656565
"
46,704,7.997103691,"#8e8e8e
"
46,235,7.880036354,"#8c8c8c
"
46,233,7.88229847,"#8c8c8c
"
46,34,8.238537788,"#8f8f8f
"
46,238,9.671479225,"#999999
"
46,578,7.060565472,"#838383
"
46,232,7.120230198,"#848484
"
47,578,9.05821228,"#959595
"
48,483,12.0476408,"#a8a8a8
"
48,277,5.692518711,"#737373
"
48,52,8.664252281,"#929292
"
48,430,5.879430294,"#757575
"
48,53,10.16814613,"#9c9c9c
"
48,577,9.165881157,"#959595
"
49,574,7.073007584,"#838383
"
49,482,7.238711357,"#858585
"
49,452,5.953516483,"#767676
"
49,159,6.036651134,"#777777
"
49,579,7.364827156,"#868686
"
49,287,9.967693329,"#9b9b9b
"
49,708,5.695911884,"#737373
"
49,580,5.950971603,"#767676
"
49,431,5.52229023,"#717171
"
49,284,5.52229023,"#717171
"
49,420,5.650951385,"#737373
"
49,158,5.607970238,"#727272
"
49,752,5.280238152,"#6e6e6e
"
49,408,5.41738224,"#707070
"
49,347,11.7429924,"#a6a6a6
"
50,287,7.990882874,"#8e8e8e
"
50,579,7.480763435,"#888888
"
50,51,9.861512184,"#9a9a9a
"
50,400,7.576905727,"#898989
"
50,54,5.429258823,"#707070
"
50,482,5.945599079,"#767676
"
51,323,7.637418747,"#8a8a8a
"
52,101,5.390519142,"#707070
"
52,441,4.552254677,"#636363
"
52,577,12.87426186,"#aeaeae
"
52,430,6.550729275,"#7d7d7d
"
52,483,7.593306541,"#898989
"
52,53,10.71939182,"#a0a0a0
"
53,483,16.55933762,"#c3c3c3
"
53,430,7.407526016,"#878787
"
54,287,10.29566193,"#9d9d9d
"
54,574,7.154445648,"#848484
"
54,482,5.945599079,"#767676
"
54,420,5.818351746,"#747474
"
54,103,3.753020287,"#555555
"
56,63,3.568106413,"#515151
"
60,61,3.164492846,"#4a4a4a
"
62,61,3.301452637,"#4c4c4c
"
64,258,2.890632391,"#434343
"
66,351,6.873371124,"#818181
"
66,282,6.252688408,"#797979
"
66,70,5.353193283,"#6f6f6f
"
66,662,5.572340965,"#727272
"
67,435,7.27434063,"#858585
"
67,627,4.240916729,"#5d5d5d
"
68,206,6.526128292,"#7d7d7d
"
68,579,7.009384155,"#828282
"
68,54,7.182722569,"#848484
"
69,351,5.78526783,"#747474
"
69,574,6.647154331,"#7e7e7e
"
69,287,5.434065819,"#707070
"
69,579,5.607970238,"#727272
"
71,492,2.468923807,"#323232
"
72,73,7.27434063,"#858585
"
72,135,7.064806938,"#838383
"
72,26,11.13716793,"#a2a2a2
"
72,727,5.986318111,"#767676
"
72,25,12.23965931,"#aaaaaa
"
74,274,4.525189877,"#626262
"
74,136,7.182722569,"#848484
"
74,403,6.004415512,"#777777
"
74,425,6.004415512,"#777777
"
74,141,6.004415512,"#777777
"
74,349,6.004415512,"#777777
"
74,479,7.182722569,"#848484
"
75,361,3.904511452,"#575757
"
77,656,4.586222172,"#646464
"
77,76,4.219482422,"#5d5d5d
"
78,83,4.666690826,"#656565
"
79,198,3.266577005,"#4c4c4c
"
82,291,3.726318359,"#545454
"
84,709,4.509931564,"#626262
"
86,603,4.448717594,"#616161
"
86,606,3.338326454,"#4d4d4d
"
88,21,5.630874634,"#727272
"
90,243,3.306720257,"#4c4c4c
"
91,299,3.292915344,"#4c4c4c
"
91,92,6.979127407,"#828282
"
92,640,6.664968967,"#7e7e7e
"
92,298,3.408986092,"#4e4e4e
"
93,452,4.892292976,"#696969
"
95,98,5.056849003,"#6c6c6c
"
97,96,9.548924446,"#989898
"
97,543,2.818870306,"#404040
"
99,100,7.501122952,"#888888
"
100,104,4.509568214,"#626262
"
101,515,3.569377899,"#515151
"
104,553,4.378239632,"#606060
"
104,169,3.670553684,"#535353
"
106,127,3.878173113,"#575757
"
107,599,6.032409668,"#777777
"
108,598,3.4972651,"#505050
"
108,597,3.811327934,"#565656
"
109,656,4.163717747,"#5c5c5c
"
109,110,2.780793905,"#3e3e3e
"
111,323,6.10988903,"#787878
"
113,361,3.671643496,"#535353
"
114,133,2.553012133,"#363636
"
115,130,2.903802872,"#434343
"
117,352,5.607970238,"#727272
"
118,719,5.417665005,"#707070
"
118,353,7.042468071,"#838383
"
119,51,5.768867016,"#747474
"
120,149,7.075835228,"#838383
"
121,764,3.516156197,"#505050
"
123,436,5.385146618,"#6f6f6f
"
123,24,9.640220642,"#999999
"
125,327,4.521920204,"#626262
"
127,126,4.665782452,"#656565
"
128,656,7.261615753,"#858585
"
129,128,5.011040211,"#6b6b6b
"
134,438,4.077436924,"#5a5a5a
"
134,437,3.635314703,"#525252
"
134,435,5.58365202,"#727272
"
134,348,6.930208206,"#818181
"
134,432,6.930208206,"#818181
"
134,442,4.711738586,"#666666
"
135,73,6.600496769,"#7e7e7e
"
135,587,5.468564034,"#707070
"
135,116,4.418201447,"#616161
"
135,26,7.608576298,"#898989
"
136,463,8.425098419,"#919191
"
136,464,5.542084217,"#717171
"
136,479,6.940387726,"#818181
"
136,352,6.215362549,"#797979
"
136,425,6.888640881,"#818181
"
136,403,5.587045193,"#727272
"
136,349,5.587045193,"#727272
"
136,275,5.142811775,"#6d6d6d
"
136,310,5.493730545,"#717171
"
136,713,3.642762184,"#535353
"
136,465,2.778176785,"#3e3e3e
"
137,703,5.387125969,"#6f6f6f
"
137,317,5.493730545,"#717171
"
137,66,5.556788445,"#717171
"
137,70,5.716836929,"#737373
"
137,452,7.933480263,"#8d8d8d
"
137,423,6.769876957,"#7f7f7f
"
137,707,5.368180275,"#6f6f6f
"
137,333,5.861615658,"#757575
"
137,16,5.730692863,"#737373
"
137,431,6.359858513,"#7b7b7b
"
137,654,6.263998985,"#7a7a7a
"
137,434,6.586924076,"#7d7d7d
"
137,701,6.506334305,"#7c7c7c
"
137,718,7.006839275,"#828282
"
137,662,6.687873363,"#7f7f7f
"
138,489,7.536186695,"#888888
"
139,534,7.003445625,"#828282
"
139,401,5.440852165,"#707070
"
140,528,3.902150154,"#575757
"
141,396,3.607523203,"#525252
"
142,136,5.587045193,"#727272
"
142,74,6.004415512,"#777777
"
142,722,7.89530611,"#8d8d8d
"
142,426,7.19770956,"#848484
"
143,559,6.802112579,"#808080
"
143,348,6.036651134,"#777777
"
143,721,6.670341492,"#7e7e7e
"
144,714,6.362968922,"#7b7b7b
"
145,10,5.762080193,"#747474
"
145,653,6.975168705,"#828282
"
145,665,6.043720722,"#777777
"
145,162,5.813827515,"#747474
"
146,261,2.678469419,"#3b3b3b
"
146,709,6.036651134,"#777777
"
146,352,5.451032162,"#707070
"
146,121,5.415402889,"#707070
"
146,267,7.919907093,"#8d8d8d
"
147,159,5.828248978,"#757575
"
147,422,6.067190647,"#777777
"
147,427,6.215079784,"#797979
"
148,155,5.869533539,"#757575
"
148,157,6.887792587,"#818181
"
148,431,5.950971603,"#767676
"
148,420,6.060969353,"#777777
"
148,54,5.869533539,"#757575
"
148,344,5.900355339,"#757575
"
150,707,5.446507931,"#707070
"
150,333,5.76066637,"#747474
"
150,716,5.875471592,"#757575
"
150,137,6.074825287,"#777777
"
151,245,5.767170429,"#747474
"
151,543,5.633985043,"#727272
"
151,692,7.124471664,"#848484
"
151,736,6.103102207,"#787878
"
151,739,3.619148493,"#525252
"
152,150,5.78781271,"#747474
"
152,14,5.760383606,"#747474
"
153,205,7.86618042,"#8c8c8c
"
153,158,6.079349518,"#777777
"
153,766,6.319139481,"#7a7a7a
"
154,205,8.36506176,"#909090
"
154,574,6.724350452,"#7f7f7f
"
154,153,7.852607727,"#8c8c8c
"
154,70,6.92511797,"#818181
"
154,482,7.030026436,"#828282
"
154,287,6.724350452,"#7f7f7f
"
154,50,5.54632616,"#717171
"
155,246,6.573633671,"#7d7d7d
"
155,630,8.38986969,"#909090
"
155,353,6.138165951,"#787878
"
155,433,6.732268333,"#7f7f7f
"
155,661,6.813706398,"#808080
"
155,657,7.078662872,"#838383
"
155,50,5.817220688,"#747474
"
155,579,7.841013908,"#8c8c8c
"
155,69,7.212979317,"#858585
"
156,579,6.489650726,"#7c7c7c
"
156,344,5.376945972,"#6f6f6f
"
156,353,8.121937752,"#8f8f8f
"
156,346,7.849497318,"#8c8c8c
"
156,424,6.083025455,"#787878
"
156,50,5.900355339,"#757575
"
156,68,6.526128292,"#7d7d7d
"
156,630,5.692518711,"#737373
"
156,54,5.415402889,"#707070
"
157,400,5.464888096,"#707070
"
157,346,9.308281898,"#969696
"
157,344,10.60576916,"#9f9f9f
"
157,579,7.199123383,"#848484
"
157,574,7.154445648,"#848484
"
157,50,7.951860428,"#8d8d8d
"
157,158,7.467190742,"#888888
"
157,203,5.652365208,"#737373
"
157,155,5.594114304,"#727272
"
157,51,6.644608974,"#7e7e7e
"
157,630,6.702859879,"#7f7f7f
"
157,287,6.744992733,"#7f7f7f
"
157,661,6.897123814,"#818181
"
157,433,6.206879616,"#797979
"
157,353,6.206879616,"#797979
"
157,205,6.342043877,"#7b7b7b
"
157,54,6.644608974,"#7e7e7e
"
157,580,5.944185257,"#767676
"
157,22,6.14467001,"#787878
"
158,579,7.96599865,"#8d8d8d
"
158,287,6.196699619,"#797979
"
158,344,8.81111908,"#939393
"
158,54,6.499830246,"#7c7c7c
"
158,574,6.256929874,"#7a7a7a
"
158,482,7.300355434,"#868686
"
158,50,6.698335648,"#7f7f7f
"
159,15,7.665412903,"#8a8a8a
"
159,287,13.19561958,"#b0b0b0
"
160,28,6.688438892,"#7f7f7f
"
160,324,5.419644356,"#707070
"
161,188,6.189630508,"#797979
"
162,399,8.818561554,"#939393
"
162,282,5.40522337,"#707070
"
162,653,12.98193073,"#afafaf
"
162,714,7.780218124,"#8b8b8b
"
162,716,6.674017429,"#7e7e7e
"
162,705,6.43253088,"#7c7c7c
"
162,177,6.412171364,"#7b7b7b
"
163,54,7.043881893,"#838383
"
163,630,7.63317728,"#898989
"
163,579,7.841013908,"#8c8c8c
"
163,325,6.177753925,"#797979
"
163,661,5.923825741,"#767676
"
163,200,5.586196899,"#727272
"
163,344,5.376945972,"#6f6f6f
"
164,717,6.782601357,"#808080
"
164,183,4.406394482,"#606060
"
164,161,5.731541157,"#737373
"
165,172,4.686126709,"#656565
"
167,166,1.044499755,"#010101
"
168,141,4.364434719,"#606060
"
170,169,10.61469936,"#9f9f9f
"
171,361,2.857537508,"#414141
"
173,176,3.280563593,"#4c4c4c
"
174,172,3.45821166,"#4f4f4f
"
175,485,3.374655247,"#4e4e4e
"
176,382,6.31207037,"#7a7a7a
"
179,184,5.406354427,"#707070
"
180,181,2.32818532,"#2d2d2d
"
184,277,5.280520916,"#6e6e6e
"
185,53,6.036651134,"#777777
"
185,382,6.313484192,"#7a7a7a
"
188,49,5.879430294,"#757575
"
190,332,4.234740734,"#5d5d5d
"
190,569,5.351496696,"#6f6f6f
"
191,124,5.61192894,"#727272
"
192,433,5.660282612,"#737373
"
193,623,2.928961992,"#444444
"
193,192,4.463975906,"#616161
"
194,423,5.700436115,"#737373
"
195,753,5.161191463,"#6d6d6d
"
195,754,3.509616852,"#505050
"
196,384,4.669233799,"#656565
"
196,383,5.179571629,"#6d6d6d
"
196,74,11.73406124,"#a6a6a6
"
197,32,6.017139912,"#777777
"
197,401,8.542690277,"#919191
"
197,582,3.977714062,"#595959
"
197,27,6.774401188,"#808080
"
197,30,5.455556393,"#707070
"
197,34,5.462908745,"#707070
"
197,28,5.678097248,"#737373
"
197,404,5.916473389,"#767676
"
197,241,6.057858944,"#777777
"
197,240,6.290579796,"#7a7a7a
"
197,35,6.759979725,"#7f7f7f
"
198,658,5.499385834,"#717171
"
198,155,5.935136318,"#767676
"
198,279,7.051799774,"#838383
"
198,630,6.80154705,"#808080
"
199,269,6.795608997,"#808080
"
199,23,6.840286732,"#808080
"
200,630,6.836045265,"#808080
"
200,657,6.004415512,"#777777
"
200,353,8.042550087,"#8e8e8e
"
200,579,5.935136318,"#767676
"
200,270,5.499385834,"#717171
"
201,723,7.49461937,"#888888
"
201,50,5.540104866,"#717171
"
201,762,3.834760189,"#565656
"
201,420,6.721805573,"#7f7f7f
"
201,281,6.346568584,"#7b7b7b
"
201,431,6.807768345,"#808080
"
202,54,5.415402889,"#707070
"
202,68,5.897810459,"#757575
"
202,433,6.214514256,"#797979
"
203,433,6.843114376,"#808080
"
203,287,5.780460358,"#747474
"
203,579,5.900355339,"#757575
"
203,54,7.078662872,"#838383
"
203,3,3.93757081,"#585858
"
204,249,5.808172226,"#747474
"
204,271,7.164907932,"#848484
"
204,270,6.736227036,"#7f7f7f
"
205,351,6.304718494,"#7a7a7a
"
205,574,6.733116627,"#7f7f7f
"
205,579,6.323380947,"#7a7a7a
"
205,482,5.671310902,"#737373
"
205,22,6.234873772,"#797979
"
205,662,5.622391224,"#727272
"
205,69,6.323380947,"#7a7a7a
"
209,695,5.501647949,"#717171
"
212,241,4.490132332,"#626262
"
213,638,6.104516506,"#787878
"
214,315,5.486661434,"#717171
"
214,434,7.906616688,"#8d8d8d
"
214,311,7.233338833,"#858585
"
214,80,3.707790852,"#545454
"
214,701,8.660283089,"#929292
"
214,423,6.508030891,"#7c7c7c
"
214,452,6.870826244,"#818181
"
214,662,5.75812149,"#747474
"
214,70,5.822310448,"#757575
"
214,137,12.80876732,"#adadad
"
214,317,5.493730545,"#717171
"
214,130,5.124148846,"#6c6c6c
"
214,654,8.529789925,"#919191
"
215,716,6.034671783,"#777777
"
215,484,6.133076191,"#787878
"
215,282,9.792544365,"#9a9a9a
"
215,162,7.137196541,"#848484
"
216,24,2.821656227,"#404040
"
218,558,4.025486469,"#595959
"
219,435,6.226956367,"#797979
"
219,67,7.723098278,"#8b8b8b
"
220,202,6.711343288,"#7f7f7f
"
220,424,6.946891785,"#828282
"
222,166,2.591257334,"#373737
"
223,428,2.801140785,"#3f3f3f
"
224,273,5.094740391,"#6c6c6c
"
225,133,4.005868912,"#595959
"
226,227,3.996423483,"#595959
"
226,224,4.276700497,"#5e5e5e
"
228,222,4.119760036,"#5b5b5b
"
228,229,10.48470306,"#9e9e9e
"
229,223,2.951925755,"#454545
"
229,231,2.864207029,"#424242
"
230,231,3.652207613,"#535353
"
232,160,8.360595703,"#909090
"
232,35,7.803688049,"#8b8b8b
"
232,578,7.577188492,"#898989
"
232,31,9.570755959,"#989898
"
232,285,5.765756607,"#747474
"
232,233,16.29703522,"#c1c1c1
"
232,30,6.889489174,"#818181
"
232,47,6.511989594,"#7c7c7c
"
232,27,9.651632309,"#999999
"
232,241,9.819833755,"#9a9a9a
"
232,28,14.95432091,"#bababa
"
232,34,15.09240532,"#bbbbbb
"
232,33,10.09421635,"#9c9c9c
"
232,32,11.76035786,"#a7a7a7
"
232,240,8.043046951,"#8e8e8e
"
233,704,5.457252979,"#707070
"
233,160,6.788822651,"#808080
"
233,285,6.81257534,"#808080
"
233,28,17.97253799,"#cbcbcb
"
233,47,9.049777031,"#959595
"
233,240,8.852300644,"#939393
"
233,31,12.68075466,"#adadad
"
233,27,11.98760414,"#a8a8a8
"
233,32,15.07160568,"#bababa
"
233,33,13.16615391,"#b0b0b0
"
233,30,10.00391388,"#9b9b9b
"
233,578,9.517665863,"#989898
"
233,35,11.49292183,"#a5a5a5
"
233,241,10.15772629,"#9c9c9c
"
234,233,12.99483109,"#afafaf
"
234,240,7.306293964,"#868686
"
234,27,7.855435371,"#8c8c8c
"
234,33,7.959777832,"#8d8d8d
"
234,34,9.086493492,"#959595
"
234,30,6.46929121,"#7c7c7c
"
234,35,6.489085197,"#7c7c7c
"
234,160,6.675431252,"#7e7e7e
"
234,241,7.177350044,"#848484
"
234,285,5.497123718,"#717171
"
234,578,5.525118351,"#717171
"
234,232,12.73831081,"#adadad
"
234,31,9.96868515,"#9b9b9b
"
234,28,9.584153175,"#989898
"
234,32,9.300839424,"#969696
"
235,30,13.97386169,"#b4b4b4
"
235,27,12.30217648,"#aaaaaa
"
235,233,7.451638222,"#878787
"
235,578,7.032571316,"#838383
"
235,234,7.028047085,"#828282
"
235,232,6.803809166,"#808080
"
235,47,6.370321274,"#7b7b7b
"
235,241,5.508152008,"#717171
"
235,238,10.78091717,"#a0a0a0
"
235,32,11.13121319,"#a2a2a2
"
235,33,9.277023315,"#969696
"
235,28,9.677928925,"#999999
"
235,34,11.9429493,"#a8a8a8
"
235,31,11.15701485,"#a3a3a3
"
235,35,11.71173382,"#a6a6a6
"
235,236,7.651274681,"#8a8a8a
"
235,240,8.926230431,"#949494
"
236,31,13.13726521,"#afafaf
"
236,240,5.924956799,"#767676
"
236,704,6.493609428,"#7c7c7c
"
236,30,6.87563324,"#818181
"
236,160,6.893447876,"#818181
"
236,234,7.800577641,"#8b8b8b
"
236,578,7.839034557,"#8c8c8c
"
236,238,7.9190588,"#8d8d8d
"
236,35,8.020718575,"#8e8e8e
"
236,27,8.891994476,"#949494
"
236,232,8.388381004,"#909090
"
236,34,10.11158276,"#9c9c9c
"
236,28,9.974639893,"#9b9b9b
"
236,47,9.624838829,"#989898
"
236,241,9.298358917,"#969696
"
236,32,11.65467358,"#a6a6a6
"
236,233,10.67126369,"#9f9f9f
"
236,33,10.51893902,"#9e9e9e
"
237,238,16.59284782,"#c3c3c3
"
237,234,8.173539162,"#8f8f8f
"
237,232,8.682610512,"#929292
"
237,27,7.850062847,"#8c8c8c
"
237,29,7.885408878,"#8c8c8c
"
237,35,7.532793522,"#888888
"
237,47,7.567008972,"#898989
"
237,241,6.296800613,"#7a7a7a
"
237,240,7.193468094,"#848484
"
237,235,14.33669567,"#b6b6b6
"
237,239,12.9338026,"#aeaeae
"
237,578,9.391638756,"#979797
"
237,233,9.35641098,"#979797
"
237,32,9.99547863,"#9b9b9b
"
237,28,9.920061111,"#9a9a9a
"
237,31,12.42919636,"#ababab
"
237,34,11.66459751,"#a6a6a6
"
237,236,12.73235703,"#adadad
"
237,30,9.23286438,"#969696
"
237,33,9.212024689,"#969696
"
238,47,8.281208038,"#909090
"
238,31,8.462310791,"#919191
"
238,33,7.952991486,"#8d8d8d
"
238,578,8.055450439,"#8e8e8e
"
238,234,6.912959099,"#818181
"
238,30,7.639680862,"#8a8a8a
"
238,35,6.088115692,"#787878
"
238,27,6.549880981,"#7d7d7d
"
238,285,5.369594097,"#6f6f6f
"
238,240,5.40522337,"#707070
"
238,34,16.33112144,"#c2c2c2
"
238,28,8.692037582,"#929292
"
238,32,10.04112625,"#9b9b9b
"
238,232,10.56458664,"#9f9f9f
"
238,233,11.02404118,"#a2a2a2
"
239,235,12.6182375,"#acacac
"
239,241,5.705526352,"#737373
"
239,240,6.0550313,"#777777
"
239,578,7.066504002,"#838383
"
239,33,7.212696552,"#858585
"
239,35,6.654506207,"#7e7e7e
"
239,27,6.947740078,"#828282
"
239,234,9.53106308,"#989898
"
239,31,8.449906349,"#919191
"
239,238,11.64623928,"#a6a6a6
"
239,32,10.08032417,"#9b9b9b
"
239,29,8.06686306,"#8e8e8e
"
239,28,7.622997284,"#898989
"
239,34,8.291131973,"#909090
"
239,232,8.256896019,"#8f8f8f
"
239,233,7.545800686,"#888888
"
239,30,7.430995941,"#878787
"
240,578,6.573350906,"#7d7d7d
"
241,30,7.675310135,"#8a8a8a
"
241,578,6.55808115,"#7d7d7d
"
241,28,8.289147377,"#909090
"
241,160,7.933480263,"#8d8d8d
"
241,33,9.235344887,"#969696
"
241,27,8.515896797,"#919191
"
241,35,11.50631905,"#a5a5a5
"
241,240,6.538569927,"#7d7d7d
"
241,47,10.58592224,"#9f9f9f
"
242,221,2.994476557,"#474747
"
243,283,5.385146618,"#6f6f6f
"
244,692,5.765473843,"#747474
"
244,737,3.518880844,"#505050
"
244,151,6.142407417,"#787878
"
246,303,4.742799759,"#666666
"
247,574,5.359131336,"#6f6f6f
"
247,351,5.755576611,"#747474
"
248,435,5.808172226,"#747474
"
249,271,6.750648499,"#7f7f7f
"
250,337,6.914655685,"#818181
"
250,338,5.702132702,"#737373
"
250,339,5.167129993,"#6d6d6d
"
252,253,5.361676216,"#6f6f6f
"
253,595,5.324633598,"#6f6f6f
"
253,626,4.742799759,"#666666
"
253,625,6.275027275,"#7a7a7a
"
256,540,7.813585281,"#8c8c8c
"
256,539,7.004859447,"#828282
"
256,322,6.176057339,"#797979
"
257,120,2.89257431,"#434343
"
258,130,2.982994556,"#464646
"
259,653,5.92439127,"#767676
"
260,352,4.234740734,"#5d5d5d
"
262,146,6.557798386,"#7d7d7d
"
265,136,4.509931564,"#626262
"
267,121,7.671068668,"#8a8a8a
"
268,287,8.537232399,"#919191
"
268,178,5.617584229,"#727272
"
268,482,5.502779484,"#717171
"
268,49,5.993669987,"#767676
"
268,579,7.037378311,"#838383
"
268,54,7.099022388,"#838383
"
269,630,7.117119789,"#838383
"
269,344,6.116109848,"#787878
"
269,163,5.801950932,"#747474
"
269,487,6.256929874,"#7a7a7a
"
269,51,6.122330666,"#787878
"
269,155,5.56159544,"#717171
"
269,661,5.520593643,"#717171
"
269,658,5.663959026,"#737373
"
269,111,5.58365202,"#727272
"
269,346,5.434065819,"#707070
"
269,202,5.434065819,"#707070
"
269,353,7.603486061,"#898989
"
270,487,7.0933671,"#838383
"
271,270,7.0933671,"#838383
"
271,163,6.140710831,"#787878
"
271,630,6.316311836,"#7a7a7a
"
271,346,5.913645744,"#767676
"
271,663,7.260201931,"#858585
"
272,720,5.549153805,"#717171
"
272,707,5.372704506,"#6f6f6f
"
272,215,7.170280933,"#848484
"
272,484,6.528955936,"#7d7d7d
"
272,162,6.43253088,"#7c7c7c
"
272,668,4.216939449,"#5d5d5d
"
272,538,7.412615776,"#878787
"
272,716,7.829420567,"#8c8c8c
"
273,330,5.992538929,"#767676
"
273,630,6.043154716,"#777777
"
273,574,7.181308746,"#848484
"
273,429,6.110737324,"#787878
"
273,661,6.204334736,"#797979
"
273,579,6.452890396,"#7c7c7c
"
273,718,6.64432621,"#7e7e7e
"
273,158,5.956626892,"#767676
"
273,287,5.61447382,"#727272
"
273,22,6.975451469,"#828282
"
273,433,8.978824615,"#949494
"
273,69,7.440044403,"#878787
"
275,624,5.771129131,"#747474
"
275,609,4.533727169,"#636363
"
276,702,6.950567722,"#828282
"
276,436,6.291428089,"#7a7a7a
"
276,52,6.122330666,"#787878
"
277,21,15.16693592,"#bbbbbb
"
277,102,4.153727531,"#5c5c5c
"
277,483,6.281530857,"#7a7a7a
"
278,510,4.875944614,"#696969
"
279,452,7.630066872,"#898989
"
279,579,5.623239994,"#727272
"
279,575,6.331581593,"#7a7a7a
"
279,658,6.331581593,"#7a7a7a
"
280,656,6.361555099,"#7b7b7b
"
280,128,7.90887928,"#8d8d8d
"
281,574,5.808172226,"#747474
"
281,420,5.701849937,"#737373
"
281,287,6.574481964,"#7d7d7d
"
282,705,5.374683857,"#6f6f6f
"
282,285,5.586479664,"#727272
"
283,270,6.307828903,"#7a7a7a
"
283,118,5.385146618,"#6f6f6f
"
283,271,7.878905296,"#8c8c8c
"
284,50,5.660565376,"#737373
"
284,482,5.682338715,"#737373
"
284,205,5.913645744,"#767676
"
284,579,6.331581593,"#7a7a7a
"
284,201,5.369594097,"#6f6f6f
"
284,158,7.476804733,"#888888
"
285,578,6.317442894,"#7a7a7a
"
286,592,3.904511452,"#575757
"
287,420,6.469573975,"#7c7c7c
"
287,574,10.4544363,"#9e9e9e
"
289,404,4.740619659,"#666666
"
291,321,5.304556847,"#6f6f6f
"
292,293,6.760262489,"#7f7f7f
"
293,446,2.361702681,"#2e2e2e
"
293,685,3.707609177,"#545454
"
294,295,3.080391645,"#484848
"
295,499,4.552254677,"#636363
"
296,614,3.772456169,"#555555
"
296,553,4.258717537,"#5e5e5e
"
297,104,5.056849003,"#6c6c6c
"
297,56,4.403306484,"#606060
"
300,263,3.402991772,"#4e4e4e
"
301,300,2.857537508,"#414141
"
302,232,5.037620544,"#6b6b6b
"
302,573,5.002557278,"#6b6b6b
"
304,582,4.494128704,"#626262
"
305,136,6.31207037,"#7a7a7a
"
305,198,6.088681221,"#787878
"
305,266,4.509931564,"#626262
"
305,146,7.983247757,"#8e8e8e
"
305,353,5.808172226,"#747474
"
305,352,5.808172226,"#747474
"
305,722,5.687146187,"#737373
"
305,425,6.619442463,"#7e7e7e
"
308,122,6.807768345,"#808080
"
308,570,6.124310493,"#787878
"
308,719,5.456970215,"#707070
"
309,350,6.056162357,"#777777
"
309,650,5.456970215,"#707070
"
309,82,4.990744114,"#6b6b6b
"
309,85,3.851108074,"#565656
"
310,425,5.493730545,"#717171
"
310,658,6.402839661,"#7b7b7b
"
312,422,5.480157375,"#717171
"
312,664,5.46771574,"#707070
"
312,574,5.359131336,"#6f6f6f
"
313,452,5.466584682,"#707070
"
313,422,5.571209908,"#727272
"
314,215,5.784136772,"#747474
"
314,681,7.792377472,"#8b8b8b
"
314,282,5.527663231,"#717171
"
316,709,6.122330666,"#787878
"
317,153,5.85284996,"#757575
"
319,282,5.109727383,"#6c6c6c
"
319,318,4.305945396,"#5e5e5e
"
320,350,5.709485054,"#737373
"
320,719,6.634994984,"#7e7e7e
"
320,575,7.194316387,"#848484
"
320,131,6.357879162,"#7b7b7b
"
322,149,6.080197811,"#777777
"
324,601,4.473966122,"#626262
"
324,512,8.127891541,"#8f8f8f
"
326,348,5.456404686,"#707070
"
326,349,5.456404686,"#707070
"
326,136,6.363817215,"#7b7b7b
"
326,435,6.181429863,"#797979
"
327,658,5.700436115,"#737373
"
327,69,6.153435707,"#787878
"
328,203,6.140710831,"#787878
"
330,208,5.58365202,"#727272
"
330,630,8.854286194,"#939393
"
330,287,5.67696619,"#737373
"
330,661,5.607121944,"#727272
"
331,139,6.627643108,"#7e7e7e
"
331,537,5.54632616,"#717171
"
331,7,3.668918848,"#535353
"
331,0,4.810915947,"#686868
"
331,651,6.842266083,"#808080
"
331,120,5.391367435,"#707070
"
331,5,4.600572109,"#646464
"
332,195,4.366250992,"#606060
"
332,452,6.118371964,"#787878
"
332,152,5.777632713,"#747474
"
333,705,6.349678993,"#7b7b7b
"
333,431,6.210838318,"#797979
"
333,718,6.573350906,"#7d7d7d
"
333,66,5.848325729,"#757575
"
333,16,5.512676239,"#717171
"
333,708,7.007970333,"#828282
"
333,329,5.472239971,"#707070
"
334,555,2.729631662,"#3c3c3c
"
335,312,2.458877087,"#323232
"
336,366,4.315935612,"#5f5f5f
"
338,340,6.655920029,"#7e7e7e
"
339,549,3.716146469,"#545454
"
340,693,5.446507931,"#707070
"
340,500,5.926653385,"#767676
"
341,345,3.768460035,"#555555
"
343,334,2.692653179,"#3b3b3b
"
344,330,6.125724316,"#787878
"
344,50,10.13142967,"#9c9c9c
"
344,579,6.947740078,"#828282
"
344,51,9.991013527,"#9b9b9b
"
344,54,6.947740078,"#828282
"
344,287,6.800133228,"#808080
"
344,661,6.552143097,"#7d7d7d
"
344,630,8.099610329,"#8e8e8e
"
345,282,5.132349014,"#6d6d6d
"
346,353,5.695911884,"#737373
"
346,200,6.200658321,"#797979
"
346,325,6.281530857,"#7a7a7a
"
346,163,9.861512184,"#9a9a9a
"
346,2,4.597302437,"#646464
"
346,54,11.73406124,"#a6a6a6
"
346,344,6.454869747,"#7c7c7c
"
346,574,6.256929874,"#7a7a7a
"
346,579,8.450899124,"#919191
"
346,287,6.744992733,"#7f7f7f
"
347,431,7.236166477,"#858585
"
347,579,7.884843349,"#8c8c8c
"
347,159,7.884843349,"#8c8c8c
"
347,574,8.377962112,"#909090
"
347,287,13.47178841,"#b1b1b1
"
347,247,6.531783581,"#7d7d7d
"
347,482,6.765352726,"#7f7f7f
"
347,580,6.558646679,"#7d7d7d
"
347,273,6.174360752,"#797979
"
347,427,6.083025455,"#787878
"
347,428,5.767170429,"#747474
"
347,158,5.586762428,"#727272
"
347,205,5.52229023,"#717171
"
347,719,5.519179821,"#717171
"
347,660,5.383732796,"#6f6f6f
"
347,281,5.361110687,"#6f6f6f
"
348,649,8.518378258,"#919191
"
348,435,15.53843594,"#bdbdbd
"
348,67,9.942388535,"#9b9b9b
"
348,432,6.593427658,"#7d7d7d
"
348,219,6.881571293,"#818181
"
348,352,8.338764191,"#909090
"
348,349,8.564025879,"#919191
"
348,182,5.974724293,"#767676
"
348,248,7.117119789,"#838383
"
349,699,6.750648499,"#7f7f7f
"
349,435,10.40184212,"#9e9e9e
"
349,111,5.950971603,"#767676
"
349,487,5.879430294,"#757575
"
350,351,8.138311386,"#8f8f8f
"
350,661,5.607121944,"#727272
"
350,420,5.406354427,"#707070
"
350,247,5.382884502,"#6f6f6f
"
350,575,11.74646568,"#a6a6a6
"
350,574,5.808172226,"#747474
"
350,287,5.68205595,"#737373
"
350,452,7.648729801,"#8a8a8a
"
350,650,7.150769711,"#848484
"
352,349,6.393508434,"#7b7b7b
"
352,709,6.393508434,"#7b7b7b
"
352,435,8.338764191,"#909090
"
352,487,5.451032162,"#707070
"
352,353,5.808172226,"#747474
"
353,51,8.564025879,"#919191
"
353,579,8.32933712,"#909090
"
353,50,7.009384155,"#828282
"
353,344,7.502254009,"#888888
"
353,630,9.058708191,"#959595
"
353,210,6.526128292,"#7d7d7d
"
353,487,5.695911884,"#737373
"
353,287,5.725320339,"#737373
"
353,68,5.85284996,"#757575
"
353,657,6.088681221,"#787878
"
353,270,6.481450081,"#7c7c7c
"
353,54,6.593427658,"#7d7d7d
"
355,357,5.218876839,"#6e6e6e
"
355,354,4.331920147,"#5f5f5f
"
355,356,4.654157162,"#656565
"
355,243,4.710285187,"#666666
"
356,504,2.937911034,"#454545
"
358,360,4.509931564,"#626262
"
358,243,5.687146187,"#737373
"
359,358,4.044195652,"#5a5a5a
"
359,361,3.959549665,"#585858
"
362,406,4.471241474,"#616161
"
363,112,2.851374388,"#414141
"
363,164,3.953555346,"#585858
"
364,365,3.541223049,"#515151
"
366,499,3.306720257,"#4c4c4c
"
367,366,2.926091433,"#444444
"
368,369,2.981221676,"#464646
"
368,592,3.066041708,"#484848
"
372,221,4.476327419,"#626262
"
373,370,5.848325729,"#757575
"
374,405,3.714148283,"#545454
"
374,375,3.046605825,"#484848
"
376,253,2.944158554,"#454545
"
377,405,3.176118135,"#4a4a4a
"
378,431,5.82711792,"#757575
"
378,177,5.817503452,"#747474
"
378,333,5.459797859,"#707070
"
378,154,7.254263878,"#858585
"
378,329,6.119785786,"#787878
"
378,399,6.282661915,"#7a7a7a
"
378,723,6.573633671,"#7d7d7d
"
378,379,6.92596674,"#818181
"
379,282,9.463087082,"#979797
"
380,685,3.984071732,"#595959
"
380,381,2.716799021,"#3c3c3c
"
385,194,4.888296604,"#696969
"
389,365,4.378239632,"#606060
"
389,158,4.366250992,"#606060
"
390,559,4.785122871,"#676767
"
391,353,4.564061642,"#636363
"
392,386,3.944473267,"#585858
"
392,26,4.979482174,"#6b6b6b
"
393,352,2.567617893,"#363636
"
394,320,5.224532604,"#6e6e6e
"
397,429,5.493730545,"#717171
"
398,589,6.227804661,"#797979
"
398,755,3.984253168,"#595959
"
399,177,8.799210548,"#939393
"
399,238,6.382762909,"#7b7b7b
"
399,379,5.495992661,"#717171
"
399,28,5.478178024,"#717171
"
399,235,5.956344128,"#767676
"
399,237,6.356748104,"#7b7b7b
"
400,695,5.913645744,"#767676
"
400,287,6.627077579,"#7e7e7e
"
400,54,5.570361614,"#727272
"
400,70,5.715705872,"#737373
"
400,482,6.72633028,"#7f7f7f
"
401,404,6.191609859,"#797979
"
401,730,5.259030342,"#6e6e6e
"
401,35,6.707384586,"#7f7f7f
"
401,27,6.205748558,"#797979
"
402,124,4.636719227,"#646464
"
403,81,3.031529427,"#484848
"
403,111,5.81354475,"#747474
"
403,479,6.110171795,"#787878
"
403,23,6.267109871,"#7a7a7a
"
403,349,6.670341492,"#7e7e7e
"
403,269,5.58365202,"#727272
"
403,487,5.81354475,"#747474
"
404,29,7.725360394,"#8b8b8b
"
404,30,5.943619728,"#767676
"
404,27,6.311222076,"#7a7a7a
"
404,35,6.67599678,"#7e7e7e
"
405,574,6.420088768,"#7b7b7b
"
405,421,4.785122871,"#676767
"
405,419,7.45983839,"#878787
"
405,187,5.689973831,"#737373
"
406,405,6.647154331,"#7e7e7e
"
406,431,6.439882755,"#7c7c7c
"
406,273,6.381349087,"#7b7b7b
"
406,574,5.451880455,"#707070
"
406,428,7.7064147,"#8a8a8a
"
407,633,5.681207657,"#737373
"
407,13,6.960464478,"#828282
"
407,150,6.64178133,"#7e7e7e
"
407,480,5.482419491,"#717171
"
407,484,5.427279472,"#707070
"
407,534,5.9108181,"#767676
"
407,162,5.681207657,"#737373
"
407,278,5.9919734,"#767676
"
407,665,5.916756153,"#767676
"
407,651,6.331864357,"#7a7a7a
"
407,714,6.152587414,"#787878
"
407,654,6.400294781,"#7b7b7b
"
407,652,6.564867973,"#7d7d7d
"
407,653,6.64178133,"#7e7e7e
"
407,10,7.868443012,"#8c8c8c
"
407,145,7.54353857,"#888888
"
407,712,7.94733572,"#8d8d8d
"
407,481,8.01278019,"#8e8e8e
"
407,590,4.971852779,"#6a6a6a
"
408,287,6.21988678,"#797979
"
408,347,6.645457745,"#7e7e7e
"
408,153,5.353193283,"#6f6f6f
"
408,205,6.21988678,"#797979
"
408,482,7.809343815,"#8c8c8c
"
408,751,7.300355434,"#868686
"
408,750,5.054586887,"#6c6c6c
"
409,24,2.491972208,"#333333
"
410,123,2.908699751,"#434343
"
411,24,4.483230114,"#626262
"
412,535,4.200046539,"#5d5d5d
"
413,105,4.944606304,"#6a6a6a
"
414,702,3.653479099,"#535353
"
417,418,5.284480095,"#6e6e6e
"
417,702,5.617584229,"#727272
"
418,644,6.393508434,"#7b7b7b
"
418,643,2.763739824,"#3e3e3e
"
419,186,5.66141367,"#737373
"
422,287,6.965554714,"#828282
"
422,662,6.899668694,"#818181
"
422,482,5.859353542,"#757575
"
422,580,5.780460358,"#747474
"
422,159,5.675835133,"#737373
"
422,351,7.650426388,"#8a8a8a
"
423,78,5.749638557,"#747474
"
423,198,5.725320339,"#737373
"
424,346,7.261050224,"#858585
"
424,202,7.339660645,"#868686
"
424,270,5.493730545,"#717171
"
424,163,7.39734602,"#878787
"
424,353,6.122330666,"#787878
"
424,203,5.900355339,"#757575
"
424,579,7.043881893,"#838383
"
424,630,6.870826244,"#818181
"
424,68,7.339660645,"#868686
"
424,344,6.42404747,"#7b7b7b
"
424,328,6.161635876,"#787878
"
424,269,6.646023273,"#7e7e7e
"
424,54,6.593427658,"#7d7d7d
"
425,198,6.761959076,"#7f7f7f
"
425,352,10.48470306,"#9e9e9e
"
425,479,9.394119263,"#979797
"
425,316,5.493730545,"#717171
"
425,353,5.58365202,"#727272
"
425,658,7.115423203,"#838383
"
425,199,6.985348225,"#828282
"
426,382,9.242787361,"#969696
"
426,722,5.687146187,"#737373
"
426,432,5.687146187,"#737373
"
426,141,5.997911453,"#777777
"
426,74,7.182722569,"#848484
"
427,287,6.965554714,"#828282
"
427,422,6.965554714,"#828282
"
427,159,6.472118855,"#7c7c7c
"
427,50,6.284075737,"#7a7a7a
"
427,694,5.973310471,"#767676
"
427,290,5.56498909,"#727272
"
428,159,7.422795296,"#878787
"
428,405,12.49518681,"#ababab
"
428,287,7.083752632,"#838383
"
428,574,7.338246822,"#868686
"
428,579,7.422795296,"#878787
"
429,211,3.904511452,"#575757
"
429,353,8.977831841,"#949494
"
429,657,8.288651466,"#909090
"
429,630,7.425340176,"#878787
"
429,433,6.843114376,"#808080
"
429,579,6.524148464,"#7d7d7d
"
430,508,4.173526764,"#5c5c5c
"
431,574,6.807768345,"#808080
"
431,69,6.95678854,"#828282
"
431,420,7.236166477,"#858585
"
431,154,7.422512531,"#878787
"
431,282,7.746285439,"#8b8b8b
"
431,66,9.539001465,"#989898
"
431,22,5.843801498,"#757575
"
431,662,5.710898876,"#737373
"
431,281,5.950971603,"#767676
"
431,718,5.890175819,"#757575
"
431,351,5.950971603,"#767676
"
431,287,5.950971603,"#767676
"
431,70,6.441862106,"#7c7c7c
"
431,705,6.349678993,"#7b7b7b
"
431,346,5.52229023,"#717171
"
431,205,9.438279152,"#979797
"
432,435,7.378965855,"#878787
"
432,352,6.481450081,"#7c7c7c
"
432,141,7.260201931,"#858585
"
432,189,6.750648499,"#7f7f7f
"
432,395,5.324633598,"#6f6f6f
"
433,287,5.780460358,"#747474
"
433,657,7.598396301,"#898989
"
433,353,7.39734602,"#878787
"
433,630,7.286499977,"#858585
"
433,69,7.333439827,"#868686
"
433,50,7.009384155,"#828282
"
433,579,7.043881893,"#838383
"
433,661,5.812979221,"#747474
"
433,574,6.705688,"#7f7f7f
"
434,703,5.37553215,"#6f6f6f
"
434,311,5.485813141,"#717171
"
434,662,5.499103069,"#717171
"
434,717,7.345315933,"#868686
"
434,708,5.946164608,"#767676
"
434,153,5.673855782,"#737373
"
436,52,6.895709991,"#818181
"
436,533,6.533197403,"#7d7d7d
"
436,577,6.955940247,"#828282
"
436,24,8.198348045,"#8f8f8f
"
436,48,14.42740345,"#b7b7b7
"
436,430,6.170684814,"#797979
"
436,483,6.170684814,"#797979
"
436,702,6.955940247,"#828282
"
436,711,7.137196541,"#848484
"
437,648,2.982572556,"#464646
"
439,453,9.330609322,"#969696
"
440,441,3.811327934,"#565656
"
440,447,4.277063847,"#5e5e5e
"
441,605,4.131566525,"#5b5b5b
"
442,388,4.159903049,"#5c5c5c
"
443,444,3.904511452,"#575757
"
444,113,3.306720257,"#4c4c4c
"
445,446,1.543445587,"#121212
"
446,55,2.317463398,"#2d2d2d
"
446,342,4.903191566,"#696969
"
448,447,3.713240147,"#545454
"
449,315,5.52229023,"#717171
"
450,484,6.489650726,"#7c7c7c
"
450,272,5.749073029,"#747474
"
450,215,5.846346378,"#757575
"
451,662,5.845780849,"#757575
"
451,452,6.737358093,"#7f7f7f
"
451,613,3.637131214,"#525252
"
452,333,5.499103069,"#717171
"
452,22,5.525118351,"#717171
"
452,716,6.607283592,"#7e7e7e
"
452,422,6.830672741,"#808080
"
452,718,7.717442989,"#8a8a8a
"
452,575,8.92573452,"#949494
"
452,70,5.702132702,"#737373
"
452,431,5.708636761,"#737373
"
452,658,5.992538929,"#767676
"
452,579,5.992538929,"#767676
"
452,66,8.297085762,"#909090
"
452,351,9.144049644,"#959595
"
452,69,5.466584682,"#707070
"
452,16,7.838186264,"#8c8c8c
"
452,662,9.898229599,"#9a9a9a
"
454,264,2.920097113,"#444444
"
454,146,5.843801498,"#757575
"
454,267,7.348709583,"#868686
"
455,458,4.044195652,"#5a5a5a
"
456,250,4.520466805,"#626262
"
457,250,5.093043804,"#6c6c6c
"
457,460,4.337006569,"#5f5f5f
"
461,562,4.773860931,"#676767
"
461,563,2.993294716,"#474747
"
462,461,3.769004822,"#555555
"
463,523,2.894684792,"#434343
"
466,537,3.567198038,"#515151
"
467,620,4.029119492,"#5a5a5a
"
468,224,3.329607487,"#4d4d4d
"
468,467,3.445133209,"#4f4f4f
"
469,619,4.509931564,"#626262
"
470,469,4.044195652,"#5a5a5a
"
470,557,2.589315414,"#373737
"
471,221,3.94810605,"#585858
"
471,617,4.638898849,"#646464
"
472,435,3.904511452,"#575757
"
473,552,5.538691044,"#717171
"
474,607,4.333373547,"#5f5f5f
"
476,710,7.348709583,"#868686
"
476,691,4.742799759,"#666666
"
477,127,7.910293102,"#8d8d8d
"
478,475,7.117119789,"#838383
"
479,352,6.058424473,"#777777
"
479,270,6.110171795,"#787878
"
479,432,6.049658775,"#777777
"
479,658,5.897810459,"#757575
"
479,349,6.895709991,"#818181
"
479,579,5.38062191,"#6f6f6f
"
479,283,5.436893463,"#707070
"
481,654,5.415402889,"#707070
"
481,712,5.575451374,"#727272
"
481,57,3.601710558,"#525252
"
481,480,7.663433552,"#8a8a8a
"
481,10,6.192458153,"#797979
"
482,574,5.788661003,"#747474
"
482,287,12.32896996,"#aaaaaa
"
482,159,6.851597786,"#808080
"
483,430,7.593306541,"#898989
"
484,716,6.713039875,"#7f7f7f
"
484,162,7.419402122,"#878787
"
484,70,6.387853146,"#7b7b7b
"
484,452,6.206314087,"#797979
"
484,16,5.556222916,"#717171
"
484,707,5.556222916,"#717171
"
484,714,5.35997963,"#6f6f6f
"
484,653,8.889513969,"#949494
"
485,14,5.524835587,"#717171
"
485,714,5.621260166,"#727272
"
485,162,5.646992683,"#727272
"
485,665,5.49853754,"#717171
"
485,712,6.423764706,"#7b7b7b
"
485,720,6.129400253,"#787878
"
485,653,6.080480576,"#787878
"
485,144,6.029299259,"#777777
"
485,214,5.709767818,"#737373
"
485,715,9.667013168,"#999999
"
485,746,6.888075352,"#818181
"
485,60,4.699204922,"#666666
"
485,484,7.615928173,"#898989
"
485,407,5.922976971,"#767676
"
485,486,5.75359726,"#747474
"
485,654,7.113443851,"#838383
"
485,66,6.593427658,"#7d7d7d
"
485,716,6.004415512,"#777777
"
485,272,6.004415512,"#777777
"
486,145,5.79035759,"#747474
"
486,653,6.224128723,"#797979
"
486,484,5.375249386,"#6f6f6f
"
486,399,5.451032162,"#707070
"
486,745,6.535459518,"#7d7d7d
"
486,162,7.619604111,"#898989
"
486,716,6.270503044,"#7a7a7a
"
486,282,6.308111668,"#7a7a7a
"
486,215,8.377962112,"#909090
"
487,111,10.54374695,"#9e9e9e
"
487,709,7.593306541,"#898989
"
488,487,7.593306541,"#898989
"
488,709,14.02123833,"#b4b4b4
"
489,459,5.227643013,"#6e6e6e
"
489,451,4.931346416,"#6a6a6a
"
490,700,9.56480217,"#989898
"
491,715,4.718640804,"#666666
"
492,664,4.753880024,"#676767
"
494,493,3.814234257,"#565656
"
494,87,2.747192383,"#3d3d3d
"
494,86,10.60576916,"#9f9f9f
"
495,75,3.561930418,"#515151
"
496,450,4.040381432,"#5a5a5a
"
497,543,4.810915947,"#686868
"
497,498,3.791710377,"#555555
"
499,514,4.626183987,"#646464
"
501,579,6.608980179,"#7e7e7e
"
503,11,2.718656301,"#3c3c3c
"
505,215,2.535029411,"#353535
"
506,215,6.322249889,"#7a7a7a
"
507,111,4.540992737,"#636363
"
511,151,3.540133238,"#515151
"
512,509,3.742121458,"#545454
"
513,183,2.853907108,"#414141
"
516,741,4.646891594,"#656565
"
516,124,4.791661739,"#676767
"
517,149,5.348386288,"#6f6f6f
"
518,519,3.722322226,"#545454
"
519,379,5.191448212,"#6d6d6d
"
520,492,2.678131819,"#3a3a3a
"
521,694,5.298901081,"#6e6e6e
"
522,288,4.988019466,"#6b6b6b
"
522,324,5.160060406,"#6d6d6d
"
524,517,2.421391964,"#313131
"
525,427,5.068725586,"#6c6c6c
"
526,525,5.808172226,"#747474
"
527,522,5.129804134,"#6c6c6c
"
529,366,3.118718624,"#494949
"
531,526,6.331581593,"#7a7a7a
"
532,499,2.88024807,"#424242
"
533,711,6.412171364,"#7b7b7b
"
533,702,8.317428589,"#909090
"
534,481,7.064806938,"#838383
"
534,278,6.343174934,"#7b7b7b
"
534,535,7.887671471,"#8c8c8c
"
535,197,5.803365231,"#747474
"
536,47,5.903182983,"#757575
"
536,578,5.532187462,"#717171
"
537,278,5.871230125,"#757575
"
537,473,5.37553215,"#6f6f6f
"
538,716,5.553395271,"#717171
"
539,254,6.499264717,"#7c7c7c
"
539,255,4.021671772,"#595959
"
539,120,6.190196037,"#797979
"
540,490,5.855112076,"#757575
"
540,539,5.559616089,"#717171
"
541,68,5.575734138,"#727272
"
542,435,5.693932533,"#737373
"
543,295,4.331920147,"#5f5f5f
"
544,666,5.637943745,"#727272
"
544,449,6.570240498,"#7d7d7d
"
544,315,6.341478348,"#7b7b7b
"
545,707,5.353758812,"#6f6f6f
"
545,379,5.543498516,"#717171
"
545,733,4.772770882,"#676767
"
547,726,3.508163691,"#505050
"
548,549,3.800974369,"#555555
"
550,555,1.9236238,"#1e1e1e
"
551,746,5.153556824,"#6d6d6d
"
552,553,5.85284996,"#757575
"
554,10,4.667053699,"#656565
"
556,557,2.6799891,"#3b3b3b
"
558,561,5.628612518,"#727272
"
560,151,4.984386444,"#6b6b6b
"
561,674,3.995515108,"#595959
"
562,94,4.509931564,"#626262
"
563,447,3.536136866,"#515151
"
564,430,4.173526764,"#5c5c5c
"
565,564,1,"#000000
"
566,560,9.003633499,"#949494
"
568,567,4.906461239,"#696969
"
568,12,5.281086445,"#6e6e6e
"
569,453,5.817220688,"#747474
"
570,638,5.699305058,"#737373
"
571,163,5.875754356,"#757575
"
571,157,5.535580635,"#717171
"
571,660,5.478460789,"#717171
"
571,51,5.456970215,"#707070
"
571,344,7.194316387,"#848484
"
571,661,6.630753517,"#7e7e7e
"
571,574,6.256929874,"#7a7a7a
"
571,400,6.019402027,"#777777
"
571,119,5.426148415,"#707070
"
571,482,5.371573448,"#6f6f6f
"
571,346,8.185943604,"#8f8f8f
"
571,54,8.599253654,"#929292
"
571,695,7.02776432,"#828282
"
571,287,11.98810101,"#a8a8a8
"
571,760,5.527097702,"#717171
"
572,455,4.997282982,"#6b6b6b
"
572,585,4.029119492,"#5a5a5a
"
573,576,8.640932083,"#929292
"
573,65,10.43161297,"#9e9e9e
"
575,351,9.883840561,"#9a9a9a
"
575,155,5.56159544,"#717171
"
575,15,5.56159544,"#717171
"
575,579,9.342517853,"#979797
"
575,650,7.571815968,"#898989
"
575,54,6.116109848,"#787878
"
575,574,5.808172226,"#747474
"
575,658,6.670624256,"#7e7e7e
"
575,420,5.725320339,"#737373
"
575,66,5.690822124,"#737373
"
576,65,11.27411079,"#a3a3a3
"
577,483,7.0933671,"#838383
"
577,53,15.85909271,"#bfbfbf
"
577,430,7.378965855,"#878787
"
579,574,8.879094124,"#949494
"
579,159,7.665412903,"#8a8a8a
"
579,482,7.261332989,"#858585
"
579,15,5.346124172,"#6f6f6f
"
579,54,13.29614925,"#b0b0b0
"
579,287,11.11781693,"#a2a2a2
"
579,420,7.607728004,"#898989
"
580,122,5.363090515,"#6f6f6f
"
580,287,11.06919193,"#a2a2a2
"
580,344,5.504758835,"#717171
"
580,200,5.504758835,"#717171
"
580,54,5.504758835,"#717171
"
580,630,5.504758835,"#717171
"
580,330,6.123461723,"#787878
"
580,353,6.001021862,"#777777
"
580,482,6.277572155,"#7a7a7a
"
580,159,6.250709057,"#797979
"
580,607,6.851315022,"#808080
"
580,660,7.520634174,"#888888
"
580,50,7.722815514,"#8b8b8b
"
580,579,9.530070305,"#989898
"
581,251,3.068221331,"#484848
"
583,584,5.230187893,"#6e6e6e
"
584,404,4.879940987,"#696969
"
585,586,3.827857494,"#565656
"
585,581,3.370114088,"#4e4e4e
"
587,588,3.267666817,"#4c4c4c
"
589,654,5.348386288,"#6f6f6f
"
590,58,4.081796169,"#5a5a5a
"
590,59,4.788573742,"#676767
"
591,592,2.890041351,"#434343
"
591,594,3.373202085,"#4e4e4e
"
593,596,3.837121487,"#565656
"
595,387,5.37298727,"#6f6f6f
"
596,575,4.990562439,"#6b6b6b
"
600,679,5.658020496,"#737373
"
600,555,3.055143118,"#484848
"
602,601,4.511384964,"#626262
"
606,605,4.411843777,"#606060
"
607,353,7.199406147,"#848484
"
607,541,6.848204613,"#808080
"
607,630,5.692518711,"#737373
"
607,579,5.900355339,"#757575
"
607,203,6.843114376,"#808080
"
607,433,6.288600445,"#7a7a7a
"
607,200,6.172664165,"#797979
"
608,72,6.855273724,"#808080
"
608,25,6.257495403,"#7a7a7a
"
608,26,9.380723,"#979797
"
610,274,3.815324068,"#565656
"
611,248,1.559091568,"#121212
"
612,141,3.443135023,"#4f4f4f
"
614,683,3.684358597,"#535353
"
615,542,2.755212784,"#3d3d3d
"
618,318,6.23798418,"#797979
"
619,707,4.501394272,"#626262
"
621,623,3.09710288,"#494949
"
621,622,3.500716448,"#505050
"
625,15,7.246912003,"#858585
"
626,502,4.352627754,"#5f5f5f
"
628,455,4.966948509,"#6a6a6a
"
628,489,6.181995392,"#797979
"
628,138,11.70131397,"#a6a6a6
"
629,424,5.179571629,"#6d6d6d
"
629,369,3.525964975,"#505050
"
630,69,6.017705441,"#777777
"
630,579,7.286499977,"#858585
"
630,657,7.45983839,"#878787
"
631,16,5.950688839,"#767676
"
632,633,4.596394539,"#646464
"
633,371,5.560464382,"#717171
"
634,107,4.702111244,"#666666
"
634,723,5.256768227,"#6e6e6e
"
635,636,1.696146727,"#161616
"
636,604,5.153556824,"#6d6d6d
"
636,430,5.808172226,"#747474
"
637,422,4.509931564,"#626262
"
638,711,6.194720268,"#797979
"
638,413,7.838186264,"#8c8c8c
"
639,20,5.18748951,"#6d6d6d
"
642,182,4.327924252,"#5f5f5f
"
642,641,2.967713594,"#464646
"
644,640,4.785122871,"#676767
"
645,20,9.667013168,"#999999
"
646,702,5.164019585,"#6d6d6d
"
647,669,5.808172226,"#747474
"
647,609,4.082522869,"#5a5a5a
"
649,435,6.855273724,"#808080
"
650,327,7.213544846,"#858585
"
650,351,5.90572834,"#757575
"
651,401,5.442831993,"#707070
"
651,652,7.42562294,"#878787
"
651,535,7.090539455,"#838383
"
651,278,7.757879257,"#8b8b8b
"
651,139,7.840165615,"#8c8c8c
"
651,399,5.701284409,"#737373
"
651,534,7.443720341,"#878787
"
652,535,6.788822651,"#808080
"
652,480,5.899507046,"#757575
"
652,654,5.633702278,"#727272
"
652,534,7.719987869,"#8a8a8a
"
652,145,5.622108459,"#727272
"
652,13,5.410313129,"#707070
"
652,714,5.403809547,"#707070
"
652,481,7.260201931,"#858585
"
653,714,8.785814285,"#939393
"
653,333,5.569796085,"#727272
"
653,399,6.722653866,"#7f7f7f
"
653,705,6.370886803,"#7b7b7b
"
654,703,8.031634331,"#8e8e8e
"
654,717,8.015757561,"#8e8e8e
"
654,708,6.483994961,"#7c7c7c
"
654,333,6.494174957,"#7c7c7c
"
654,745,7.078945637,"#838383
"
654,653,6.101688385,"#787878
"
654,434,6.835196972,"#808080
"
654,714,7.427037239,"#878787
"
655,236,7.493205547,"#888888
"
656,215,6.027319908,"#777777
"
656,272,5.901203632,"#757575
"
656,484,5.4728055,"#707070
"
656,486,7.50762701,"#888888
"
656,653,7.434954643,"#878787
"
656,162,7.217786312,"#858585
"
656,720,6.203203201,"#797979
"
657,660,6.451759338,"#7c7c7c
"
657,69,5.521724701,"#717171
"
657,207,4.571145535,"#636363
"
657,287,5.753031731,"#747474
"
657,270,6.088681221,"#787878
"
657,579,6.524148464,"#7d7d7d
"
658,429,8.219683647,"#8f8f8f
"
658,344,5.376945972,"#6f6f6f
"
658,353,5.85284996,"#757575
"
658,657,5.415402889,"#707070
"
658,579,7.078662872,"#838383
"
658,630,7.45983839,"#878787
"
659,160,7.388863087,"#878787
"
659,655,7.458707333,"#878787
"
659,236,7.750244617,"#8b8b8b
"
659,98,3.979712248,"#595959
"
659,240,5.440003872,"#707070
"
659,704,5.411444187,"#707070
"
659,237,5.549153805,"#717171
"
659,28,5.453011513,"#707070
"
659,234,7.558525562,"#898989
"
659,34,5.873775005,"#757575
"
659,232,6.296517849,"#7a7a7a
"
659,32,5.809868813,"#747474
"
659,31,5.554809093,"#717171
"
659,239,5.600052357,"#727272
"
659,233,5.734086037,"#737373
"
659,241,5.371290684,"#6f6f6f
"
660,287,8.762494087,"#939393
"
661,287,6.971210003,"#828282
"
661,217,3.820773363,"#565656
"
661,351,5.650951385,"#737373
"
661,54,5.638509274,"#727272
"
661,400,5.989994049,"#767676
"
663,155,5.38062191,"#6f6f6f
"
663,163,6.214514256,"#797979
"
663,657,6.761959076,"#7f7f7f
"
663,202,6.845942497,"#808080
"
663,630,6.905323982,"#818181
"
663,68,7.435237408,"#878787
"
663,328,7.076117992,"#838383
"
663,200,7.849497318,"#8c8c8c
"
664,203,5.869533539,"#757575
"
664,574,5.808172226,"#747474
"
664,287,6.276441097,"#7a7a7a
"
664,54,5.415402889,"#707070
"
664,22,5.395043373,"#707070
"
665,484,6.639801979,"#7e7e7e
"
665,162,6.915786743,"#818181
"
665,653,6.340064526,"#7b7b7b
"
666,315,6.176057339,"#797979
"
666,449,5.868119717,"#757575
"
667,27,6.958202362,"#828282
"
667,32,5.637378216,"#727272
"
667,33,6.059838295,"#777777
"
667,31,5.688277245,"#737373
"
667,35,6.919462681,"#818181
"
667,28,6.221300602,"#797979
"
667,233,6.124310493,"#787878
"
670,439,10.17608452,"#9c9c9c
"
670,453,5.844649792,"#757575
"
672,685,3.707245827,"#545454
"
673,676,7.721401691,"#8a8a8a
"
674,447,5.900355339,"#757575
"
675,676,3.769913197,"#555555
"
676,674,3.639310837,"#525252
"
676,671,2.966953754,"#464646
"
677,678,3.734855652,"#545454
"
677,544,4.181155682,"#5c5c5c
"
679,306,3.797523022,"#555555
"
679,307,4.176069736,"#5c5c5c
"
679,681,6.32762289,"#7a7a7a
"
680,56,3.196643829,"#4b4b4b
"
681,133,4.398220539,"#606060
"
681,132,3.792618513,"#555555
"
682,237,5.095588684,"#6c6c6c
"
684,683,7.378965855,"#878787
"
685,250,5.054869652,"#6c6c6c
"
686,581,3.078756809,"#484848
"
687,372,3.904511452,"#575757
"
687,405,9.093935966,"#959595
"
687,428,5.812130928,"#747474
"
687,406,5.715705872,"#737373
"
688,246,5.747659206,"#747474
"
688,475,9.667013168,"#999999
"
688,202,7.137196541,"#848484
"
689,680,3.57609868,"#515151
"
690,432,2.948971033,"#454545
"
691,688,5.808172226,"#747474
"
691,270,5.950971603,"#767676
"
691,475,7.807364464,"#8b8b8b
"
692,160,5.745114326,"#747474
"
692,725,3.741758347,"#545454
"
692,245,6.588620663,"#7d7d7d
"
692,738,5.730127335,"#737373
"
693,545,7.052648067,"#838383
"
693,244,6.301890373,"#7a7a7a
"
693,692,5.95266819,"#767676
"
694,579,5.973310471,"#767676
"
694,69,5.930329323,"#767676
"
694,287,6.469573975,"#7c7c7c
"
694,54,5.477329731,"#717171
"
694,155,5.477329731,"#717171
"
696,54,6.004415512,"#777777
"
696,344,5.931177616,"#767676
"
698,162,5.40522337,"#707070
"
698,707,6.146649361,"#787878
"
698,697,5.945316315,"#767676
"
699,111,5.879430294,"#757575
"
700,480,7.55711174,"#898989
"
700,10,5.57771349,"#727272
"
700,546,4.409300804,"#606060
"
701,70,9.054242134,"#959595
"
702,52,6.379369736,"#7b7b7b
"
702,430,5.617584229,"#727272
"
702,181,2.976916075,"#464646
"
703,653,5.832490444,"#757575
"
703,70,6.385308266,"#7b7b7b
"
705,70,6.024775028,"#777777
"
706,431,5.432934761,"#707070
"
706,705,5.374683857,"#6f6f6f
"
706,378,5.41738224,"#707070
"
706,154,7.073573112,"#838383
"
707,154,5.660848141,"#737373
"
707,378,5.368180275,"#6f6f6f
"
707,706,6.470139503,"#7c7c7c
"
707,162,6.190761566,"#797979
"
707,718,5.904597282,"#757575
"
707,66,5.745114326,"#747474
"
707,282,5.687146187,"#737373
"
707,431,7.224289894,"#858585
"
707,333,7.285085678,"#858585
"
708,329,6.619442463,"#7e7e7e
"
712,10,6.097446918,"#787878
"
712,700,5.891306877,"#757575
"
712,480,6.06803894,"#777777
"
712,490,6.208858967,"#797979
"
714,708,5.576299667,"#727272
"
714,705,5.832490444,"#757575
"
715,484,7.917644978,"#8d8d8d
"
715,152,6.385873795,"#7b7b7b
"
715,452,8.709403992,"#929292
"
715,720,5.549153805,"#717171
"
715,332,6.744427204,"#7f7f7f
"
715,716,7.731016159,"#8b8b8b
"
715,654,6.206879616,"#797979
"
715,66,5.734651566,"#737373
"
715,272,6.906455517,"#818181
"
715,214,6.396053314,"#7b7b7b
"
716,70,7.269816399,"#858585
"
716,431,7.280561447,"#858585
"
716,154,5.993669987,"#767676
"
716,282,9.14553833,"#959595
"
716,705,6.674865723,"#7e7e7e
"
716,718,6.28237915,"#7a7a7a
"
716,653,6.386722088,"#7b7b7b
"
716,66,7.305445194,"#868686
"
716,714,6.407929897,"#7b7b7b
"
716,351,6.559212208,"#7d7d7d
"
716,329,5.397871017,"#707070
"
717,665,7.259919167,"#858585
"
717,714,7.726774216,"#8b8b8b
"
717,716,6.211403847,"#797979
"
717,70,5.93400526,"#767676
"
717,653,5.854829311,"#757575
"
717,484,5.757555962,"#747474
"
717,162,5.646992683,"#727272
"
718,66,7.731864452,"#8b8b8b
"
718,370,6.210838318,"#797979
"
718,22,5.513241768,"#717171
"
718,351,5.542084217,"#717171
"
718,574,5.904597282,"#757575
"
718,575,6.281813622,"#7a7a7a
"
719,330,5.654627323,"#737373
"
719,574,5.359131336,"#6f6f6f
"
719,159,7.058586121,"#838383
"
719,433,6.732268333,"#7f7f7f
"
719,287,9.376753807,"#979797
"
719,580,7.702738762,"#8a8a8a
"
719,660,7.141720772,"#848484
"
719,579,7.286499977,"#858585
"
720,399,5.750486851,"#747474
"
720,282,5.83475256,"#757575
"
720,215,8.19735527,"#8f8f8f
"
720,486,7.337964058,"#868686
"
720,716,6.709646702,"#7f7f7f
"
720,162,7.70132494,"#8a8a8a
"
720,484,6.337236881,"#7a7a7a
"
720,653,6.131945133,"#787878
"
721,348,6.670341492,"#7e7e7e
"
721,435,6.670341492,"#7e7e7e
"
721,352,7.395366669,"#878787
"
721,479,7.620735168,"#898989
"
721,196,6.761959076,"#7f7f7f
"
721,425,7.34446764,"#868686
"
721,722,7.680965424,"#8a8a8a
"
721,487,7.527420998,"#888888
"
721,426,6.472684383,"#7c7c7c
"
721,198,6.088681221,"#787878
"
721,658,5.897810459,"#757575
"
721,136,5.587045193,"#727272
"
721,74,9.667013168,"#999999
"
721,403,7.19770956,"#848484
"
721,432,7.568988323,"#898989
"
721,349,9.82082653,"#9a9a9a
"
722,146,11.42097759,"#a4a4a4
"
722,542,5.607970238,"#727272
"
722,111,5.879430294,"#757575
"
722,349,6.393508434,"#7b7b7b
"
722,263,4.785122871,"#676767
"
722,74,9.667013168,"#999999
"
722,136,7.037095547,"#838383
"
723,287,11.40758038,"#a4a4a4
"
723,379,6.028168201,"#777777
"
723,154,5.982641697,"#767676
"
723,580,6.469573975,"#7c7c7c
"
723,205,6.304718494,"#7a7a7a
"
723,50,6.499830246,"#7c7c7c
"
723,420,6.744992733,"#7f7f7f
"
723,431,7.236166477,"#858585
"
723,482,7.671068668,"#8a8a8a
"
724,736,4.356442451,"#5f5f5f
"
724,140,4.319023609,"#5f5f5f
"
727,401,5.38062191,"#6f6f6f
"
728,729,3.828220844,"#565656
"
729,160,5.020654202,"#6b6b6b
"
731,400,4.009683609,"#595959
"
732,707,4.016222477,"#595959
"
734,244,5.388822556,"#6f6f6f
"
735,628,7.609424591,"#898989
"
738,543,6.449214458,"#7c7c7c
"
740,508,4.173526764,"#5c5c5c
"
743,742,4.601480484,"#646464
"
743,517,4.596394539,"#646464
"
744,288,3.072036028,"#484848
"
745,705,5.620977402,"#727272
"
745,70,5.818351746,"#747474
"
746,14,5.58365202,"#727272
"
746,715,6.535459518,"#7d7d7d
"
746,616,3.650754452,"#535353
"
747,748,8.701961517,"#929292
"
748,379,4.978392124,"#6b6b6b
"
751,749,6.769876957,"#7f7f7f
"
751,697,6.240811825,"#797979
"
756,452,5.504758835,"#717171
"
757,345,6.089529514,"#787878
"
758,54,6.836045265,"#808080
"
758,597,4.300858974,"#5e5e5e
"
759,760,3.062953711,"#484848
"
761,497,2.908361912,"#434343
"
763,537,5.190599918,"#6d6d6d
"
763,174,6.176340103,"#797979
"
763,477,4.436183929,"#616161
"
767,121,4.234740734,"#5d5d5d
"
768,691,6.664968967,"#7e7e7e
"
769,607,4.279243469,"#5e5e5e
"
771,770,2.52211237,"#343434
"
771,765,2.842931747,"#414141
"
771,764,4.051280022,"#5a5a5a
"
772,473,5.434065819,"#707070
"
773,630,4.695027351,"#666666
"
