source, target
3,2
4,2
4,3
10,9
11,5
11,6
16,9
18,2
18,10
19,18
20,14
21,0
22,19
24,19
25,15
27,1
28,6
28,11
30,19
31,19
31,24
31,25
31,27
32,25
32,27
32,31
33,30
35,1
35,15
35,19
35,24
35,31
35,32
36,9
37,10
37,19
37,24
37,25
40,38
41,4
41,13
44,24
44,25
44,31
44,35
45,10
46,30
47,28
48,11
49,8
49,19
49,24
49,37
50,19
50,30
50,33
50,46
51,0
51,19
51,35
51,49
52,1
52,19
52,24
52,27
52,31
52,32
52,35
52,37
52,49
53,5
53,11
55,23
56,1
56,14
56,19
56,20
56,24
56,31
56,35
56,37
56,52
58,57
59,57
60,57
60,58
61,24
61,37
61,54
61,56
62,15
62,34
63,19
63,22
63,30
63,33
63,46
63,50
65,64
66,19
66,37
66,50
66,51
66,63
67,42
68,13
68,41
69,19
69,30
69,50
69,63
69,66
70,17
70,44
70,55
71,37
71,66
71,69
72,0
72,21
72,51
73,19
73,22
73,30
73,50
73,63
73,66
73,69
74,30
74,50
74,63
74,66
74,69
74,73
75,6
77,19
77,37
77,51
77,66
77,71
77,76
78,44
79,19
79,37
79,63
79,66
79,71
79,77
82,19
82,63
82,66
82,73
82,77
83,19
83,22
83,30
83,50
83,63
83,66
83,69
83,73
83,74
83,79
84,60
84,66
85,44
85,78
87,44
87,48
88,1
88,19
88,25
88,27
88,37
88,56
89,17
90,0
90,15
90,35
90,44
90,51
90,60
90,66
90,72
90,77
91,1
91,19
91,24
91,25
91,27
91,31
91,35
91,37
91,44
91,49
91,51
91,52
91,56
91,88
91,90
92,76
92,77
93,19
93,30
93,46
93,50
93,63
93,73
93,74
93,83
95,94
96,94
96,95
97,94
97,95
97,96
98,15
98,17
98,25
98,35
98,44
98,70
98,90
98,91
98,95
100,95
100,96
101,49
102,94
102,100
103,15
104,94
104,96
105,25
105,88
106,25
106,88
106,105
108,99
109,94
109,95
109,96
109,104
110,99
110,108
111,7
111,9
111,10
112,25
112,88
112,95
112,96
112,97
112,105
112,106
113,91
113,98
114,32
114,98
115,8
115,25
115,88
115,95
115,96
115,101
115,105
115,106
115,112
116,25
116,31
116,32
116,44
116,88
116,90
116,91
116,98
118,91
118,113
119,25
119,88
119,95
119,96
119,98
119,105
119,106
119,112
119,115
121,25
121,55
121,88
121,105
121,106
121,112
121,115
121,119
122,25
122,88
122,95
122,96
122,98
122,105
122,106
122,112
122,115
122,116
122,119
122,121
125,98
125,116
125,121
126,25
126,88
126,105
126,106
126,112
126,115
126,119
126,121
126,122
127,15
127,25
127,88
127,91
127,98
127,105
127,106
127,112
127,115
127,116
127,119
127,121
127,122
127,126
128,8
128,101
128,115
129,120
131,72
131,118
131,127
132,8
132,9
132,10
132,86
132,101
132,111
132,123
132,124
132,128
133,25
133,88
133,95
133,105
133,106
133,112
133,115
133,119
133,121
133,122
133,126
133,127
133,128
134,25
134,32
134,88
134,98
134,105
134,106
134,112
134,115
134,116
134,119
134,121
134,122
134,126
134,127
134,133
135,25
135,31
135,32
135,35
135,44
135,52
135,70
135,90
135,91
135,98
135,116
135,125
136,25
136,31
136,44
136,88
136,105
136,121
136,122
136,127
136,133
136,134
137,15
137,25
137,31
137,32
137,35
137,44
137,51
137,88
137,90
137,91
137,98
137,105
137,106
137,112
137,115
137,116
137,119
137,121
137,122
137,126
137,127
137,133
137,134
137,135
137,136
138,15
138,25
138,44
138,88
138,90
138,122
138,127
138,134
138,136
138,137
139,25
139,27
139,44
139,70
139,78
139,85
139,98
139,116
139,125
139,127
139,135
140,132
141,116
141,140
142,1
142,31
142,32
142,52
142,88
142,91
142,139
143,27
143,142
144,27
144,91
144,98
144,103
144,113
144,118
144,125
144,142
144,143
145,91
145,118
145,144
146,25
146,29
146,88
146,105
146,106
146,112
146,115
146,119
146,121
146,122
146,126
146,127
146,133
146,134
146,136
146,137
146,138
147,116
148,15
148,25
148,44
148,88
148,90
148,91
148,98
148,105
148,106
148,112
148,115
148,116
148,119
148,121
148,122
148,126
148,127
148,133
148,134
148,135
148,136
148,137
148,138
148,144
148,146
151,99
151,108
151,110
153,94
153,96
153,102
153,104
153,132
154,94
154,95
154,96
154,97
154,112
155,97
155,153
155,154
156,44
156,90
156,116
156,127
156,131
156,137
156,148
157,32
157,135
157,139
158,94
158,95
158,97
158,115
158,128
158,154
159,132
159,140
159,153
160,116
160,122
160,140
160,141
160,159
161,147
161,148
162,91
162,113
162,118
162,144
163,8
163,95
163,101
163,112
163,115
163,118
163,144
163,154
163,162
164,123
164,149
165,9
165,107
166,99
166,108
166,110
166,151
167,99
167,108
167,110
167,151
167,166
168,94
168,95
168,96
168,97
168,100
168,104
168,119
168,154
168,155
168,162
168,163
169,25
169,31
169,44
169,90
169,91
169,98
169,116
169,127
169,134
169,135
169,137
169,139
169,148
170,116
170,134
171,94
171,95
171,96
171,98
171,100
171,104
171,112
171,122
171,154
171,168
172,95
172,98
172,110
172,125
172,171
173,105
173,119
174,25
174,88
174,91
174,105
174,106
174,112
174,115
174,116
174,119
174,121
174,122
174,126
174,127
174,133
174,134
174,137
174,138
174,146
174,148
175,116
175,140
176,95
176,96
176,98
176,112
176,115
176,119
176,122
176,171
176,173
177,113
178,8
178,94
178,95
178,96
178,97
178,101
178,104
178,112
178,115
178,154
178,155
178,158
178,163
178,168
179,44
179,95
179,98
179,116
179,137
179,141
179,148
179,169
180,90
180,98
180,118
180,176
181,94
181,95
181,96
181,97
181,100
181,104
181,109
181,112
181,115
181,117
181,133
181,154
181,155
181,158
181,163
181,168
181,171
181,176
181,178
182,94
182,95
182,96
182,97
182,102
182,104
182,153
182,155
182,158
182,168
182,181
183,96
183,100
183,130
183,153
183,178
184,25
184,88
184,95
184,105
184,106
184,112
184,115
184,119
184,121
184,122
184,126
184,127
184,133
184,134
184,137
184,146
184,148
184,174
184,181
185,25
185,44
185,91
185,116
185,134
185,148
185,160
185,169
186,94
186,95
186,96
186,97
186,100
186,102
186,104
186,109
186,112
186,119
186,153
186,154
186,155
186,158
186,168
186,171
186,178
186,181
186,182
187,94
187,95
187,96
187,97
187,98
187,100
187,104
187,109
187,112
187,115
187,119
187,122
187,154
187,162
187,163
187,168
187,171
187,172
187,176
187,178
187,181
187,182
187,184
187,186
188,94
188,97
188,102
188,104
188,155
188,168
188,178
188,182
188,186
188,187
189,19
189,37
189,44
189,51
189,63
189,66
189,73
189,77
189,79
189,82
189,83
189,90
189,91
189,137
189,138
189,169
190,32
190,134
190,143
190,161
190,169
190,170
190,185
191,94
191,95
191,96
191,97
191,100
191,104
191,112
191,153
191,155
191,168
191,171
191,178
191,181
191,182
191,186
191,187
191,188
192,19
192,25
192,27
192,32
192,35
192,44
192,52
192,72
192,90
192,91
192,98
192,116
192,127
192,131
192,134
192,135
192,137
192,139
192,142
192,148
192,156
192,169
192,185
192,189
193,169
193,192
194,19
194,24
194,25
194,29
194,31
194,35
194,37
194,44
194,51
194,72
194,90
194,91
194,98
194,116
194,127
194,131
194,135
194,137
194,139
194,148
194,150
194,156
194,169
194,185
194,189
194,192
194,193
195,25
195,27
195,35
195,37
195,44
195,51
195,88
195,90
195,91
195,98
195,116
195,118
195,127
195,131
195,134
195,137
195,139
195,142
195,144
195,145
195,148
195,156
195,162
195,169
195,185
195,189
195,192
195,194
196,25
196,88
196,105
196,106
196,112
196,114
196,115
196,119
196,121
196,122
196,126
196,127
196,133
196,134
196,136
196,137
196,144
196,146
196,148
196,174
196,184
197,15
197,44
197,90
197,136
197,138
197,148
197,156
197,189
197,192
197,194
198,95
198,171
198,173
198,176
198,181
199,94
199,95
199,96
199,97
199,104
199,109
199,112
199,153
199,155
199,168
199,171
199,173
199,178
199,181
199,182
199,186
199,187
199,191
199,198
200,94
200,95
200,96
200,97
200,100
200,104
200,109
200,112
200,153
200,154
200,168
200,171
200,178
200,181
200,186
200,187
200,188
200,191
200,199
201,8
201,94
201,95
201,96
201,97
201,98
201,100
201,101
201,104
201,109
201,112
201,115
201,122
201,125
201,133
201,144
201,154
201,158
201,163
201,168
201,171
201,172
201,176
201,178
201,181
201,184
201,186
201,187
201,188
201,191
201,199
201,200
202,95
202,96
202,98
202,116
202,122
202,125
202,171
202,172
202,181
202,187
202,201
203,94
203,95
203,96
203,100
203,102
203,104
203,109
203,110
203,143
203,144
203,153
203,162
203,168
203,171
203,172
203,173
203,178
203,181
203,182
203,186
203,187
203,188
203,191
203,198
203,199
203,200
203,201
204,98
204,116
204,119
204,137
204,176
204,198
205,15
205,25
205,44
205,88
205,90
205,98
205,103
205,105
205,106
205,112
205,115
205,116
205,119
205,121
205,122
205,126
205,127
205,133
205,134
205,135
205,136
205,137
205,138
205,139
205,146
205,148
205,169
205,174
205,184
205,192
205,196
206,107
206,144
206,145
206,149
206,165
207,195
208,8
208,94
208,95
208,96
208,100
208,101
208,112
208,115
208,128
208,133
208,154
208,158
208,162
208,163
208,168
208,171
208,172
208,176
208,178
208,181
208,182
208,184
208,186
208,187
208,188
208,191
208,200
208,201
208,203
209,25
209,95
209,96
209,98
209,105
209,106
209,112
209,115
209,119
209,121
209,122
209,126
209,127
209,133
209,134
209,137
209,148
209,171
209,173
209,174
209,176
209,181
209,184
209,196
209,198
209,201
209,204
209,205
209,208
210,27
210,91
210,95
210,142
210,144
210,163
210,172
210,181
210,201
210,202
210,208
211,8
211,70
211,101
211,128
211,154
211,176
211,201
211,208
212,99
212,108
212,110
212,151
212,166
212,167
213,94
213,95
213,96
213,97
213,104
213,109
213,153
213,155
213,162
213,168
213,171
213,173
213,178
213,181
213,182
213,183
213,186
213,187
213,188
213,191
213,199
213,200
213,201
213,203
213,208
214,107
214,165
214,206
215,190
215,192
216,95
216,98
216,122
216,176
216,198
216,204
216,209
217,8
217,94
217,95
217,96
217,101
217,104
217,112
217,115
217,119
217,133
217,154
217,158
217,163
217,168
217,171
217,173
217,176
217,178
217,181
217,186
217,187
217,191
217,198
217,199
217,200
217,201
217,203
217,204
217,208
217,209
217,213
217,216
218,154
218,201
219,135
219,192
219,194
219,195
220,99
220,108
220,110
220,151
220,166
220,167
220,212
221,98
221,116
221,127
221,139
221,169
222,94
222,96
222,104
222,109
222,153
222,155
222,168
222,171
222,178
222,181
222,186
222,191
222,199
222,200
222,203
222,213
223,94
223,95
223,154
223,171
223,176
223,187
223,208
223,211
224,94
224,95
224,96
224,97
224,100
224,119
224,162
224,168
224,171
224,176
224,178
224,181
224,182
224,186
224,187
224,191
224,198
224,199
224,200
224,201
224,203
224,208
224,209
224,213
224,216
224,217
225,25
225,88
225,95
225,96
225,98
225,100
225,105
225,106
225,112
225,115
225,119
225,121
225,122
225,126
225,127
225,133
225,134
225,137
225,148
225,171
225,174
225,176
225,181
225,184
225,187
225,196
225,201
225,204
225,205
225,208
225,209
225,217
225,223
226,8
226,25
226,88
226,95
226,98
226,101
226,105
226,106
226,112
226,115
226,119
226,121
226,122
226,126
226,127
226,133
226,134
226,137
226,144
226,146
226,148
226,163
226,172
226,174
226,176
226,178
226,184
226,196
226,201
226,202
226,203
226,205
226,208
226,209
226,210
226,225
227,116
228,25
228,44
228,88
228,90
228,91
228,98
228,116
228,134
228,135
228,137
228,141
228,148
228,169
228,174
228,179
228,192
228,195
229,15
229,25
229,88
229,91
229,98
229,105
229,112
229,116
229,119
229,121
229,122
229,126
229,127
229,133
229,134
229,135
229,136
229,137
229,138
229,144
229,146
229,148
229,174
229,185
229,192
229,195
229,196
229,197
229,205
229,226
229,228
230,91
230,144
230,148
230,195
231,104
231,153
231,168
231,178
231,181
231,186
231,200
231,203
231,213
231,222
232,8
232,94
232,95
232,96
232,97
232,100
232,101
232,104
232,112
232,115
232,119
232,122
232,133
232,154
232,158
232,163
232,168
232,171
232,172
232,176
232,178
232,181
232,182
232,184
232,186
232,187
232,188
232,191
232,198
232,199
232,200
232,201
232,202
232,203
232,208
232,209
232,210
232,213
232,216
232,217
232,218
232,222
232,224
232,225
232,226
233,94
233,95
233,96
233,100
233,102
233,109
233,125
233,154
233,162
233,168
233,171
233,172
233,178
233,181
233,182
233,186
233,187
233,199
233,200
233,201
233,202
233,203
233,208
233,213
233,217
233,224
233,226
233,232
234,94
234,95
234,96
234,97
234,100
234,102
234,153
234,155
234,168
234,171
234,178
234,181
234,182
234,183
234,186
234,187
234,188
234,191
234,200
234,201
234,203
234,208
234,213
234,222
234,224
234,231
234,233
235,132
235,140
235,159
235,160
235,185
236,25
236,44
236,52
236,90
236,91
236,98
236,116
236,125
236,134
236,135
236,136
236,137
236,139
236,141
236,148
236,160
236,169
236,179
236,185
236,192
236,194
236,195
236,205
236,228
236,229
236,235
237,94
237,95
237,96
237,100
237,125
237,162
237,168
237,171
237,172
237,178
237,186
237,187
237,188
237,200
237,201
237,203
237,208
237,213
237,224
237,226
237,233
237,234
238,8
238,94
238,95
238,96
238,100
238,101
238,112
238,115
238,128
238,133
238,154
238,168
238,176
238,178
238,181
238,201
238,203
238,208
238,211
238,213
238,217
238,232
238,233
238,237
239,25
239,31
239,44
239,88
239,90
239,91
239,98
239,116
239,127
239,134
239,135
239,137
239,139
239,141
239,147
239,148
239,156
239,169
239,170
239,174
239,176
239,179
239,185
239,190
239,192
239,193
239,194
239,195
239,197
239,204
239,205
239,221
239,228
239,229
239,236
240,25
240,88
240,91
240,105
240,106
240,112
240,115
240,116
240,119
240,121
240,122
240,126
240,127
240,133
240,134
240,137
240,141
240,146
240,148
240,174
240,179
240,184
240,196
240,205
240,209
240,226
240,228
240,229
240,239
241,94
241,95
241,96
241,154
241,171
241,176
241,177
241,181
241,186
241,187
241,200
241,201
241,217
241,223
241,224
241,232
242,96
242,119
242,173
242,176
242,198
242,199
242,204
242,209
242,213
242,216
242,217
242,224
242,232
243,99
243,108
243,110
243,151
243,166
243,167
243,212
243,220
244,15
244,25
244,34
244,62
244,105
244,112
244,115
244,119
244,121
244,122
244,127
244,133
244,134
244,137
244,226
245,70
245,211
245,233
245,244
246,98
246,109
246,122
246,202
246,217
247,94
247,95
247,96
247,97
247,98
247,100
247,102
247,104
247,109
247,110
247,112
247,117
247,119
247,122
247,153
247,154
247,162
247,168
247,171
247,172
247,173
247,176
247,178
247,181
247,182
247,186
247,187
247,188
247,191
247,198
247,199
247,200
247,201
247,202
247,203
247,204
247,208
247,209
247,210
247,213
247,216
247,217
247,222
247,223
247,224
247,225
247,232
247,233
247,234
247,237
247,238
247,239
247,241
247,242
247,245
247,246
248,99
248,108
248,110
248,151
248,166
248,167
248,212
248,220
248,243
249,116
249,134
249,147
249,148
249,161
249,169
249,175
249,179
249,185
249,190
249,194
249,195
249,221
249,227
249,228
249,232
249,236
249,239
250,88
250,91
250,98
250,99
250,108
250,110
250,137
250,144
250,148
250,151
250,166
250,167
250,170
250,195
250,212
250,220
250,228
250,229
250,230
250,243
250,248
251,99
251,109
251,151
252,94
252,95
252,96
252,97
252,100
252,104
252,109
252,112
252,153
252,155
252,168
252,171
252,178
252,181
252,182
252,186
252,187
252,188
252,191
252,199
252,200
252,201
252,203
252,208
252,213
252,217
252,222
252,224
252,232
252,233
252,234
252,241
252,242
252,247
253,135
254,145
254,165
254,206
255,94
255,112
255,116
255,128
255,132
255,140
255,173
255,175
255,186
255,188
255,198
255,203
255,242
256,25
256,88
256,95
256,96
256,105
256,106
256,112
256,115
256,119
256,121
256,122
256,126
256,127
256,133
256,134
256,137
256,146
256,148
256,173
256,174
256,176
256,178
256,181
256,184
256,196
256,201
256,204
256,205
256,208
256,209
256,216
256,217
256,224
256,225
256,226
256,232
256,240
256,242
256,247
257,15
257,19
257,25
257,31
257,35
257,44
257,51
257,52
257,56
257,66
257,77
257,85
257,90
257,91
257,98
257,116
257,135
257,137
257,138
257,139
257,148
257,169
257,185
257,189
257,192
257,194
257,195
257,197
257,205
257,219
257,236
257,239
257,250
258,99
258,108
258,110
258,151
258,166
258,167
258,212
258,220
258,243
258,248
258,250
259,44
259,85
259,90
259,91
259,98
259,99
259,108
259,113
259,125
259,131
259,135
259,137
259,139
259,144
259,172
259,189
259,192
259,194
259,195
259,205
259,236
259,239
259,250
259,253
259,257
260,70
260,121
260,125
260,163
260,211
260,226
260,245
261,99
261,108
261,110
261,151
261,166
261,167
261,212
261,220
261,243
261,248
261,250
261,258
262,99
262,108
262,110
262,151
262,166
262,167
262,212
262,220
262,243
262,248
262,250
262,258
262,261
263,35
263,44
263,95
263,98
263,99
263,108
263,110
263,151
263,166
263,167
263,176
263,180
263,201
263,204
263,205
263,212
263,220
263,225
263,226
263,232
263,238
263,239
263,243
263,248
263,250
263,258
263,259
263,261
263,262
264,168
264,208
264,238
264,247
265,99
265,108
265,110
265,151
265,166
265,167
265,212
265,220
265,243
265,248
265,250
265,251
265,258
265,261
265,262
265,263
266,25
266,88
266,105
266,115
266,121
266,122
266,126
266,127
266,133
266,134
266,136
266,137
266,138
266,146
266,148
266,174
266,185
266,205
266,226
266,229
266,236
266,240
266,244
267,99
267,108
267,110
267,151
267,166
267,167
267,212
267,220
267,243
267,248
267,250
267,258
267,261
267,262
267,263
267,265
268,267
269,1
269,27
269,91
269,118
269,142
269,144
269,162
269,195
269,230
269,250
270,1
270,27
270,86
270,91
270,132
270,142
270,161
270,190
270,269
271,91
271,118
271,120
271,144
271,162
271,195
271,269
273,1
273,19
273,24
273,25
273,27
273,31
273,35
273,37
273,44
273,49
273,51
273,52
273,56
273,88
273,90
273,98
273,113
273,116
273,118
273,127
273,135
273,137
273,142
273,144
273,145
273,148
273,162
273,169
273,174
273,185
273,189
273,192
273,194
273,195
273,210
273,228
273,229
273,230
273,236
273,239
273,240
273,250
273,257
273,259
273,269
273,270
273,271
274,269
274,272
275,274
276,91
276,195
276,269
276,273
277,91
277,113
277,118
277,137
277,144
277,145
277,148
277,162
277,194
277,195
277,230
277,254
277,269
277,271
277,273
277,276
278,8
278,94
278,95
278,96
278,98
278,100
278,101
278,105
278,112
278,115
278,119
278,122
278,128
278,133
278,144
278,147
278,154
278,155
278,158
278,163
278,168
278,173
278,176
278,178
278,181
278,184
278,186
278,187
278,198
278,201
278,203
278,208
278,209
278,210
278,217
278,225
278,226
278,232
278,234
278,238
278,242
278,246
278,247
278,252
278,255
278,256
279,99
279,108
279,110
279,151
279,166
279,167
279,212
279,220
279,243
279,248
279,250
279,258
279,261
279,262
279,263
279,265
279,267
280,94
280,95
280,96
280,97
280,112
280,115
280,154
280,155
280,158
280,163
280,168
280,171
280,172
280,176
280,178
280,181
280,182
280,184
280,186
280,187
280,191
280,200
280,201
280,202
280,208
280,209
280,217
280,224
280,225
280,232
280,238
280,241
280,247
280,252
280,256
280,278
281,25
281,88
281,105
281,106
281,112
281,115
281,119
281,121
281,122
281,126
281,127
281,133
281,134
281,137
281,146
281,148
281,173
281,174
281,176
281,184
281,196
281,198
281,205
281,209
281,217
281,225
281,226
281,229
281,240
281,242
281,255
281,256
281,278
282,94
282,95
282,96
282,97
282,100
282,104
282,112
282,115
282,119
282,122
282,133
282,153
282,154
282,155
282,168
282,171
282,173
282,176
282,178
282,181
282,182
282,186
282,187
282,191
282,198
282,199
282,200
282,201
282,203
282,204
282,208
282,209
282,213
282,216
282,217
282,222
282,224
282,232
282,233
282,234
282,238
282,241
282,242
282,247
282,249
282,252
282,255
282,278
282,280
282,281
283,94
283,95
283,96
283,98
283,100
283,104
283,112
283,154
283,162
283,168
283,171
283,172
283,176
283,178
283,181
283,182
283,186
283,187
283,191
283,199
283,200
283,201
283,202
283,203
283,208
283,213
283,217
283,222
283,223
283,224
283,225
283,232
283,233
283,237
283,238
283,241
283,245
283,247
283,252
283,280
283,282
284,25
284,32
284,88
284,105
284,106
284,112
284,115
284,119
284,121
284,122
284,126
284,127
284,133
284,134
284,136
284,137
284,146
284,148
284,174
284,184
284,196
284,205
284,209
284,225
284,226
284,229
284,240
284,244
284,256
284,266
284,281
285,25
285,32
285,44
285,136
285,197
285,215
286,25
286,44
286,116
286,135
286,136
286,138
286,148
286,156
286,185
286,189
286,192
286,194
286,197
286,215
286,228
286,229
286,236
286,239
286,257
286,285
287,9
287,132
287,165
288,70
290,26
291,9
291,36
292,55
292,121
293,2
293,9
293,16
293,26
293,111
293,123
293,128
293,132
293,153
293,155
293,159
293,165
293,274
293,287
293,289
293,290
293,291
294,17
295,17
295,294
296,17
297,70
297,89
297,98
297,294
297,295
297,296
298,17
298,70
298,211
298,260
298,297
299,121
299,292
300,85
300,299
301,39
301,299
301,300
302,9
302,70
302,245
302,260
302,298
303,16
303,26
303,132
303,287
303,289
303,293
305,292
306,272
307,25
307,88
307,105
307,112
307,115
307,119
307,120
307,121
307,122
307,126
307,127
307,133
307,134
307,137
307,146
307,148
307,184
307,189
307,205
307,226
307,229
307,240
307,266
307,284
310,2
310,10
310,19
311,56
311,260
313,9
313,132
313,274
313,292
313,293
313,299
313,308
313,312
314,9
314,36
314,302
314,311
315,11
315,19
315,28
315,31
315,35
315,66
315,76
315,77
315,189
315,194
317,292
317,305
318,2
318,18
318,24
318,310
319,121
319,292
319,299
319,313
320,9
320,16
320,111
320,132
320,153
320,155
320,159
320,165
320,188
320,287
320,289
320,293
320,303
320,313
321,9
321,55
321,121
321,132
321,291
321,292
321,299
321,312
321,313
321,314
321,319
322,55
322,121
322,203
322,260
322,292
322,299
322,305
322,313
322,319
322,321
323,111
323,132
323,293
325,70
325,187
325,208
325,211
325,226
325,245
325,247
325,260
325,298
325,302
326,300
326,301
328,111
328,132
328,165
328,287
328,293
328,313
328,320
329,25
329,55
329,88
329,105
329,106
329,112
329,115
329,119
329,122
329,125
329,126
329,127
329,133
329,134
329,136
329,137
329,146
329,148
329,174
329,184
329,196
329,205
329,209
329,225
329,226
329,229
329,240
329,244
329,256
329,260
329,266
329,281
329,284
329,292
329,299
329,307
329,319
329,321
329,322
330,9
330,25
330,36
330,88
330,105
330,106
330,112
330,115
330,119
330,121
330,122
330,126
330,127
330,133
330,134
330,137
330,146
330,174
330,184
330,196
330,205
330,209
330,225
330,226
330,240
330,256
330,260
330,266
330,281
330,284
330,329
331,70
331,211
331,245
331,260
331,298
331,302
331,325
332,75
332,90
333,125
333,154
333,168
333,172
333,203
333,218
333,233
333,237
333,247
333,260
333,322
333,325
334,294
334,295
334,313
335,17
335,297
336,32
336,65
338,325
339,149
339,164
340,23
340,55
340,121
340,292
340,299
340,305
340,319
340,322
340,329
341,211
341,260
341,302
341,325
341,331
341,333
342,337
343,328
344,38
344,39
344,40
344,299
344,308
344,313
344,321
345,9
345,39
345,165
345,287
345,291
345,293
345,301
345,303
345,320
345,328
346,301
346,344
346,345
347,293
347,345
348,99
348,108
348,110
348,151
348,166
348,212
348,220
348,243
348,248
348,250
348,258
348,261
348,262
348,263
348,265
348,267
348,279
351,289
351,306
352,337
352,350
353,9
353,132
353,235
353,287
353,293
353,296
353,320
353,321
353,345
354,292
354,293
354,299
354,308
354,312
354,313
354,319
354,320
354,321
354,322
354,344
355,132
356,9
356,125
356,260
356,302
356,311
356,325
356,333
357,12
357,293
357,320
357,345
358,293
358,296
358,353
359,271
359,305
359,307
359,317
360,17
360,55
360,121
360,292
360,295
360,297
360,299
360,305
360,319
360,322
360,329
360,334
360,340
361,45
362,326
363,17
363,297
363,298
363,300
363,301
363,360
363,362
364,99
364,108
364,110
364,151
364,166
364,167
364,212
364,220
364,243
364,248
364,250
364,258
364,261
364,262
364,263
364,265
364,267
364,279
364,348
366,287
366,293
366,320
366,328
367,287
367,328
368,24
368,44
368,70
368,98
368,125
368,135
368,172
368,192
368,257
368,259
368,360
368,362
368,363
369,24
369,39
369,44
369,85
369,326
369,346
369,362
369,363
369,368
370,316
371,55
371,121
371,292
371,305
371,308
371,313
371,319
371,321
371,322
371,329
371,340
371,360
372,360
373,328
374,12
374,357
375,287
375,328
376,287
378,9
378,321
379,23
379,70
379,121
379,292
379,321
379,322
379,329
379,340
379,360
379,371
380,108
380,125
380,163
380,259
380,260
380,271
380,314
381,312
381,313
382,8
382,70
382,101
382,128
382,154
382,176
382,201
382,208
382,223
382,238
382,245
382,260
382,298
382,325
382,331
382,341
383,211
383,260
383,298
383,302
383,325
383,333
383,338
383,356
383,382
384,312
384,313
384,319
384,321
384,354
385,9
385,19
385,36
385,314
386,19
386,28
386,66
386,77
386,167
386,189
386,315
386,348
387,121
387,313
387,321
387,322
387,329
387,354
388,360
389,292
389,305
389,313
389,317
389,354
390,121
390,329
391,316
391,350
391,351
391,352
392,328
393,15
393,34
393,244
394,305
395,274
395,312
395,313
395,321
395,322
395,354
395,384
395,387
395,389
396,9
396,36
396,132
396,165
396,274
396,287
396,291
396,293
396,313
396,314
396,320
396,321
396,345
396,353
396,378
396,385
396,395
397,80
397,129
397,304
398,55
398,64
398,65
398,292
398,319
398,340
398,360
398,371
398,379
399,260
399,298
399,302
400,293
400,299
400,313
400,319
400,320
400,321
400,334
400,344
400,354
400,360
400,384
400,387
400,395
401,377
402,17
402,44
402,55
402,98
402,135
402,139
402,211
402,245
402,260
402,288
402,297
402,298
402,302
402,325
402,331
402,368
402,379
402,382
403,172
403,203
403,247
403,325
404,293
404,320
405,308
405,313
405,354
405,371
406,79
407,326
407,360
407,362
407,363
408,17
408,297
408,350
408,407
409,245
409,302
409,331
409,399
410,19
410,22
410,30
410,50
410,63
410,66
410,69
410,74
410,82
410,83
410,93
410,189
411,292
411,293
411,299
411,312
411,313
411,319
411,321
411,322
411,344
411,354
411,371
411,384
411,387
411,395
411,400
411,405
412,293
412,320
412,345
412,404
413,77
413,92
413,315
414,292
414,313
414,319
414,322
414,340
414,354
414,371
414,411
415,324
416,9
416,55
416,121
416,260
416,292
416,298
416,299
416,302
416,313
416,314
416,319
416,321
416,322
416,325
416,329
416,331
416,333
416,340
416,341
416,344
416,354
416,356
416,360
416,371
416,379
416,383
416,384
416,387
416,389
416,395
416,399
416,400
416,411
416,414
417,17
417,297
417,298
417,335
418,55
418,121
418,292
418,295
418,299
418,317
418,319
418,321
418,322
418,329
418,331
418,340
418,360
418,371
418,379
418,390
418,398
418,405
418,414
418,416
419,397
420,4
421,17
421,296
421,297
421,363
422,4
423,17
423,23
423,70
423,260
423,297
423,356
423,399
423,402
424,81
424,313
424,319
424,321
424,322
424,354
424,371
424,384
424,387
424,395
424,400
424,405
424,411
424,416
425,168
425,203
425,260
425,302
425,311
425,314
425,321
425,322
425,325
425,331
425,333
425,341
425,356
425,390
425,416
426,2
426,7
426,8
426,9
426,10
426,16
426,26
426,36
426,101
426,111
426,123
426,124
426,128
426,130
426,132
426,153
426,155
426,159
426,165
426,186
426,188
426,234
426,255
426,274
426,287
426,289
426,290
426,291
426,293
426,303
426,313
426,320
426,321
426,323
426,328
426,345
426,347
426,353
426,354
426,357
426,358
426,366
426,367
426,376
426,395
426,396
427,272
427,306
428,350
428,351
428,352
428,391
428,415
429,257
429,406
430,271
430,307
430,317
430,359
431,15
431,51
431,82
431,90
431,194
431,257
431,304
432,151
432,192
432,263
433,121
433,244
433,245
433,292
433,299
433,302
433,313
433,319
433,321
433,322
433,329
433,354
433,371
433,416
433,418
434,17
434,70
434,98
434,113
434,121
434,125
434,176
434,187
434,201
434,204
434,211
434,216
434,239
434,244
434,245
434,247
434,260
434,263
434,283
434,297
434,298
434,302
434,325
434,329
434,331
434,333
434,341
434,382
434,383
434,402
434,409
434,417
434,423
434,425
434,433
435,398
436,2
436,7
436,9
436,16
436,26
436,111
436,128
436,132
436,153
436,159
436,165
436,255
436,287
436,289
436,290
436,293
436,303
436,313
436,320
436,328
436,345
436,353
436,354
436,358
436,396
436,404
436,412
436,426
437,363
438,349
439,9
439,291
439,293
439,321
439,347
439,396
439,426
440,347
440,439
441,55
441,121
441,292
441,295
441,299
441,313
441,319
441,321
441,322
441,329
441,340
441,354
441,360
441,371
441,379
441,384
441,387
441,389
441,395
441,398
441,400
441,405
441,411
441,414
441,416
441,418
441,424
441,433
442,9
442,36
442,260
442,300
442,302
442,314
442,321
442,330
442,331
442,341
442,356
442,378
442,396
442,399
442,416
442,425
442,426
442,441
443,121
443,292
443,299
443,313
443,319
443,321
443,322
443,329
443,354
443,371
443,384
443,395
443,400
443,411
443,414
443,416
443,418
443,424
443,441
444,292
444,295
444,334
444,418
444,441
445,94
445,325
445,333
445,338
445,383
446,313
446,319
446,321
446,354
446,395
446,416
447,289
447,293
447,313
447,314
447,320
447,396
447,426
447,436
448,55
448,121
448,292
448,308
448,313
448,317
448,319
448,322
448,329
448,340
448,354
448,371
448,379
448,387
448,416
448,418
448,424
448,441
448,443
449,55
449,121
449,292
449,295
449,299
449,313
449,319
449,321
449,322
449,329
449,340
449,344
449,354
449,360
449,371
449,379
449,384
449,387
449,400
449,405
449,411
449,414
449,416
449,418
449,424
449,433
449,441
449,443
449,448
450,15
450,34
450,62
450,244
450,315
450,317
450,393
451,289
451,306
451,324
451,351
451,415
451,428
452,324
452,415
452,451
453,325
454,9
454,292
454,293
454,299
454,312
454,313
454,319
454,320
454,321
454,322
454,344
454,354
454,371
454,384
454,387
454,395
454,400
454,411
454,414
454,416
454,424
454,426
454,433
454,441
454,443
454,446
454,448
454,449
455,14
455,20
455,56
455,260
455,322
455,325
455,331
455,356
455,416
455,425
455,434
456,76
456,77
456,413
457,351
458,21
458,51
458,72
458,90
459,204
461,431
464,460
464,461
465,111
465,426
465,436
466,19
466,51
466,66
466,72
466,79
466,90
466,91
466,169
466,192
466,194
466,195
466,257
466,273
466,275
466,304
466,431
467,17
467,35
467,43
467,44
467,58
467,194
467,297
467,431
467,461
468,170
468,250
468,459
469,98
469,431
469,459
469,467
469,468
470,90
470,180
472,397
472,431
472,466
473,90
473,98
473,127
473,204
473,304
473,431
473,466
473,470
473,472
474,272
474,351
474,427
474,451
475,116
475,127
475,129
475,131
475,139
475,152
475,163
475,169
475,192
475,194
475,204
475,239
475,277
475,432
475,473
477,10
477,111
477,132
477,293
477,353
477,355
477,426
477,436
477,463
480,477
481,300
481,301
481,362
481,369
481,407
482,460
482,475
483,19
483,37
483,43
483,51
483,66
483,71
483,72
483,77
483,79
483,82
483,90
483,91
483,189
483,192
483,194
483,195
483,257
483,273
483,275
483,304
483,386
483,431
483,461
483,466
483,470
483,472
483,473
485,127
485,152
485,195
485,282
485,460
485,475
485,482
486,194
486,304
486,431
486,466
486,472
486,473
486,483
487,15
487,25
487,51
487,88
487,90
487,91
487,98
487,105
487,106
487,112
487,115
487,116
487,119
487,121
487,122
487,126
487,127
487,129
487,131
487,133
487,134
487,136
487,137
487,138
487,139
487,146
487,148
487,156
487,169
487,174
487,184
487,192
487,194
487,195
487,196
487,204
487,205
487,209
487,225
487,226
487,229
487,239
487,240
487,256
487,266
487,273
487,281
487,284
487,304
487,307
487,329
487,330
487,431
487,467
487,472
487,473
487,475
487,485
487,486
488,51
488,90
488,98
488,192
488,194
488,204
488,257
488,473
488,475
488,483
488,487
489,150
489,194
489,309
489,476
489,477
489,488
490,275
490,304
490,466
490,472
490,473
490,483
490,486
492,485
493,132
493,164
493,293
493,426
494,15
494,25
494,88
494,91
494,98
494,105
494,106
494,112
494,115
494,116
494,119
494,121
494,122
494,126
494,131
494,133
494,134
494,136
494,137
494,138
494,139
494,146
494,148
494,156
494,169
494,174
494,184
494,192
494,194
494,195
494,196
494,205
494,209
494,221
494,225
494,226
494,229
494,239
494,240
494,244
494,256
494,266
494,273
494,281
494,284
494,307
494,329
494,330
494,473
494,475
494,485
494,487
495,44
495,90
495,98
495,192
495,197
495,257
495,431
495,473
495,483
495,488
496,275
496,431
496,466
496,473
496,483
496,486
496,490
497,426
498,15
498,51
498,90
498,98
498,156
498,180
498,189
498,192
498,194
498,195
498,204
498,205
498,239
498,257
498,259
498,263
498,431
498,459
498,466
498,467
498,468
498,469
498,473
498,475
498,483
498,487
498,488
498,495
499,51
499,90
499,194
499,431
499,461
499,466
499,467
499,473
499,483
499,486
499,487
499,498
501,10
501,132
501,270
501,355
501,497
502,51
502,194
502,431
502,461
502,467
502,487
502,499
503,502
504,431
504,466
504,473
504,483
504,486
504,490
504,496
504,499
504,502
504,503
505,502
505,503
505,504
506,469
506,502
506,503
506,504
506,505
507,194
507,489
508,170
508,250
508,468
509,470
511,477
511,489
512,475
512,482
513,15
513,51
513,66
513,90
513,98
513,192
513,194
513,195
513,204
513,257
513,259
513,263
513,304
513,365
513,431
513,432
513,461
513,466
513,467
513,472
513,473
513,475
513,483
513,486
513,487
513,488
513,490
513,495
513,496
513,498
513,499
513,502
513,504
515,460
515,485
515,489
516,469
517,272
517,306
517,332
517,427
517,474
517,509
518,123
518,149
518,339
518,493
519,123
519,493
519,503
519,509
519,510
520,164
520,339
520,518
521,123
521,149
521,164
521,339
521,493
521,518
521,520
522,123
522,150
522,493
522,507
522,509
522,519
523,0
523,21
523,72
523,123
523,132
523,458
523,493
524,15
524,35
524,44
524,51
524,60
524,90
524,98
524,149
524,156
524,164
524,180
524,189
524,194
524,195
524,197
524,204
524,239
524,257
524,263
524,315
524,339
524,431
524,461
524,466
524,467
524,469
524,470
524,473
524,483
524,487
524,488
524,495
524,498
524,499
524,502
524,509
524,513
524,517
524,518
524,520
524,521
524,522
525,11
525,38
525,44
525,75
525,87
525,90
525,257
525,259
525,315
525,332
525,368
525,369
525,517
525,524
526,51
526,66
526,90
526,98
526,137
526,189
526,192
526,195
526,257
526,263
526,304
526,431
526,466
526,472
526,473
526,475
526,483
526,486
526,487
526,488
526,490
526,495
526,496
526,498
526,499
526,504
526,513
526,524
527,123
527,426
527,493
527,519
527,523
528,10
528,132
528,491
529,38
529,40
529,75
529,344
529,517
529,522
529,524
529,525
529,527
532,531
533,51
533,90
533,98
533,131
533,192
533,194
533,431
533,461
533,466
533,467
533,469
533,483
533,487
533,488
533,495
533,498
533,499
533,502
533,506
533,513
533,524
533,526
533,532
534,531
534,532
534,533
535,460
535,531
535,532
535,533
535,534
537,438
538,470
538,509
538,517
538,519
538,522
538,524
538,529
539,438
539,537
540,90
540,350
540,391
540,428
540,431
540,438
540,466
540,470
540,473
540,483
540,486
540,495
540,498
540,499
540,504
540,513
540,524
540,526
540,538
540,539
541,123
541,149
541,164
541,180
541,339
541,470
541,493
541,518
541,519
541,520
541,521
541,524
541,538
542,35
542,51
542,70
542,90
542,91
542,98
542,99
542,116
542,127
542,135
542,137
542,139
542,151
542,169
542,176
542,192
542,194
542,204
542,205
542,216
542,219
542,239
542,257
542,259
542,260
542,263
542,265
542,273
542,397
542,402
542,431
542,432
542,434
542,466
542,473
542,475
542,483
542,486
542,487
542,488
542,494
542,496
542,498
542,499
542,504
542,513
542,524
542,526
542,533
542,540
543,90
543,164
543,339
543,483
543,495
543,499
543,509
543,513
543,517
543,518
543,520
543,524
543,533
543,541
544,479
544,543
545,0
545,19
545,51
545,90
545,91
545,194
545,195
545,273
545,386
545,458
545,470
545,524
546,98
546,149
546,164
546,180
546,339
546,470
546,518
546,520
546,521
546,524
546,538
546,541
546,543
546,545
547,51
547,90
547,131
547,156
547,194
547,195
547,431
547,461
547,467
547,469
547,483
547,488
547,498
547,499
547,502
547,506
547,513
547,524
547,526
547,533
547,542
548,315
548,525
549,43
549,127
549,488
549,494
549,499
549,542
549,547
550,275
550,304
550,431
550,466
550,472
550,473
550,483
550,486
550,490
550,496
550,504
550,513
550,526
550,540
551,90
551,98
551,118
551,176
551,180
551,263
551,470
551,498
551,524
551,541
551,546
552,544
553,45
554,7
554,9
554,293
554,320
554,328
554,345
554,426
554,436
554,465
555,326
555,363
555,368
555,369
555,407
555,481
556,60
557,513
558,485
558,514
558,536
559,38
559,40
559,344
559,525
559,529
560,293
560,426
560,436
560,503
560,510
560,519
561,167
561,275
561,348
561,466
561,473
561,483
561,486
561,490
561,496
561,504
561,513
561,526
561,550
562,149
562,164
562,339
562,518
562,520
562,521
562,524
562,538
562,541
562,543
562,546
563,10
563,86
563,132
563,235
563,293
563,320
563,353
563,355
563,426
563,436
563,477
563,497
563,501
563,554
564,132
564,503
564,519
564,560
564,563
565,127
565,460
565,475
565,482
565,485
565,492
565,494
565,514
565,536
565,558
566,51
566,150
566,194
566,309
566,471
566,476
566,477
566,489
566,499
566,503
566,507
566,510
566,511
566,519
566,560
566,564
567,19
567,25
567,37
567,44
567,51
567,52
567,66
567,72
567,77
567,88
567,90
567,91
567,189
567,194
567,195
567,207
567,273
567,286
567,466
567,483
567,524
567,526
567,545
568,72
568,90
568,275
568,431
568,466
568,473
568,483
568,486
568,490
568,496
568,499
568,504
568,513
568,526
568,533
568,540
568,542
568,550
568,561
569,327
569,484
570,19
570,35
570,37
570,51
570,66
570,72
570,79
570,90
570,91
570,189
570,192
570,194
570,195
570,257
570,259
570,263
570,273
570,315
570,386
570,431
570,466
570,473
570,483
570,486
570,488
570,490
570,495
570,496
570,498
570,499
570,504
570,513
570,524
570,526
570,533
570,540
570,542
570,543
570,547
570,550
570,561
570,567
570,568
571,123
571,149
571,164
571,339
571,493
571,518
571,520
571,521
571,524
571,541
571,546
571,562
572,466
572,567
573,19
573,24
573,25
573,29
573,31
573,35
573,37
573,44
573,51
573,72
573,90
573,91
573,98
573,116
573,127
573,131
573,135
573,137
573,139
573,148
573,150
573,156
573,169
573,185
573,189
573,192
573,193
573,195
573,197
573,219
573,236
573,239
573,249
573,257
573,259
573,273
573,277
573,286
573,315
573,431
573,466
573,467
573,475
573,483
573,486
573,487
573,488
573,489
573,494
573,498
573,499
573,502
573,507
573,513
573,524
573,533
573,542
573,545
573,547
573,566
573,567
573,570
574,149
574,164
574,339
574,470
574,518
574,520
574,521
574,524
574,538
574,541
574,543
574,546
574,562
574,571
575,293
575,309
575,426
575,436
575,476
575,477
575,489
575,511
575,519
575,560
575,564
575,566
576,149
576,164
576,339
576,470
576,509
576,517
576,518
576,519
576,520
576,521
576,522
576,524
576,529
576,538
576,541
576,543
576,546
576,562
576,571
576,574
577,51
577,60
577,90
577,194
577,431
577,461
577,467
577,469
577,483
577,487
577,499
577,502
577,505
577,506
577,509
577,513
577,524
577,526
577,533
577,543
577,547
577,556
577,566
577,573
578,51
578,60
578,90
578,431
578,469
578,475
578,483
578,498
578,499
578,502
578,506
578,513
578,524
578,526
578,533
578,543
578,547
578,556
578,568
578,577
579,111
579,150
579,194
579,477
579,489
579,507
579,511
579,566
579,573
579,575
579,577
580,524
581,149
581,164
581,180
581,339
581,470
581,509
581,518
581,520
581,521
581,522
581,524
581,529
581,538
581,541
581,543
581,545
581,546
581,551
581,562
581,571
581,574
581,576
582,272
582,306
582,427
582,474
582,517
582,525
583,204
583,239
583,475
583,487
583,488
583,498
583,506
583,513
583,526
583,542
583,547
583,565
584,15
584,90
584,98
584,116
584,127
584,192
584,239
584,259
584,431
584,473
584,475
584,483
584,485
584,487
584,488
584,494
584,495
584,498
584,499
584,512
584,513
584,526
584,540
584,542
584,549
584,565
584,570
584,583
585,149
585,164
585,339
585,518
585,520
585,521
585,524
585,541
585,543
585,546
585,562
585,571
585,574
585,576
585,581
586,275
586,304
586,466
586,472
586,473
586,483
586,486
586,490
586,496
586,504
586,513
586,526
586,550
586,561
586,568
586,570
587,485
587,565
588,12
588,357
589,460
589,485
589,502
589,533
589,565
591,194
591,204
591,239
591,459
591,467
591,469
591,506
591,533
591,542
591,547
591,558
591,573
591,578
591,583
592,51
592,149
592,164
592,339
592,518
592,520
592,521
592,524
592,541
592,543
592,546
592,562
592,571
592,574
592,576
592,581
592,585
593,0
593,19
593,35
593,49
593,66
593,72
593,77
593,90
593,91
593,137
593,189
593,194
593,195
593,257
593,273
593,431
593,458
593,466
593,483
593,487
593,488
593,498
593,499
593,502
593,513
593,524
593,526
593,533
593,542
593,545
593,547
593,566
593,567
593,570
593,573
593,577
593,578
593,592
594,123
594,132
594,426
594,493
594,519
594,521
594,522
594,523
594,527
594,529
594,571
595,44
595,51
595,72
595,77
595,90
595,91
595,192
595,194
595,195
595,197
595,239
595,257
595,273
595,466
595,483
595,495
595,498
595,513
595,524
595,525
595,533
595,542
595,545
595,547
595,567
595,570
595,573
595,581
595,593
596,132
596,293
596,353
596,426
596,436
597,90
597,98
597,123
597,149
597,164
597,176
597,180
597,202
597,204
597,210
597,263
597,339
597,470
597,487
597,493
597,509
597,513
597,518
597,520
597,521
597,524
597,538
597,541
597,543
597,546
597,551
597,562
597,571
597,574
597,576
597,577
597,581
597,585
597,592
598,500
599,111
599,192
599,194
599,460
599,466
599,475
599,483
599,485
599,488
599,489
599,512
599,528
599,566
599,573
600,51
600,194
600,477
600,489
600,566
600,573
600,579
600,593
601,108
601,167
601,348
601,461
601,561
602,35
602,98
602,176
602,204
602,216
602,223
602,459
602,469
603,51
603,149
603,164
603,180
603,194
603,339
603,470
603,499
603,509
603,513
603,518
603,519
603,520
603,521
603,522
603,524
603,529
603,538
603,541
603,543
603,545
603,546
603,551
603,562
603,566
603,571
603,573
603,574
603,576
603,581
603,585
603,592
603,593
603,594
603,595
603,597
604,60
604,577
605,19
605,51
605,66
605,72
605,77
605,79
605,82
605,84
605,90
605,189
605,192
605,257
605,431
605,432
605,466
605,483
605,496
605,513
605,526
605,542
605,550
605,561
605,567
605,568
605,570
605,586
605,593
605,595
605,599
605,604
606,164
606,339
606,518
606,520
606,521
606,524
606,541
606,546
606,562
606,571
606,574
606,576
606,581
606,585
606,592
606,597
606,603
607,482
607,485
607,558
607,565
607,583
607,590
608,79
608,431
608,483
608,496
608,498
608,513
608,526
609,517
609,519
609,522
609,525
609,529
609,576
609,581
609,594
609,603
610,149
610,164
610,339
610,518
610,519
610,520
610,521
610,524
610,529
610,538
610,541
610,543
610,546
610,562
610,571
610,574
610,576
610,581
610,585
610,592
610,597
610,603
610,606
611,149
611,164
611,339
611,470
611,518
611,521
611,524
611,541
611,543
611,546
611,562
611,571
611,574
611,576
611,581
611,585
611,592
611,597
611,603
611,610
612,397
612,475
612,487
612,542
612,584
612,611
613,129
613,275
613,304
613,397
613,431
613,432
613,466
613,472
613,473
613,475
613,483
613,486
613,487
613,490
613,496
613,504
613,513
613,526
613,540
613,542
613,550
613,561
613,568
613,570
613,584
613,586
613,605
613,612
614,49
614,72
614,466
614,473
614,483
614,490
614,496
614,513
614,526
614,550
614,561
614,568
614,570
614,586
614,613
615,377
616,2
616,7
616,9
616,16
616,26
616,111
616,132
616,153
616,155
616,159
616,165
616,287
616,289
616,291
616,293
616,303
616,313
616,320
616,328
616,345
616,353
616,354
616,357
616,358
616,366
616,396
616,426
616,436
616,447
616,460
616,465
616,477
616,511
616,554
616,563
616,575
616,596
617,460
617,558
617,565
617,587
618,459
618,468
618,469
618,516
619,9
619,165
619,287
619,293
619,320
619,345
619,412
619,426
619,436
619,554
619,616
620,326
620,360
620,362
620,363
620,408
620,481
620,555
621,347
621,439
621,440
622,591
623,51
623,72
623,90
623,98
623,192
623,194
623,204
623,257
623,263
623,277
623,304
623,431
623,432
623,459
623,461
623,466
623,472
623,473
623,475
623,483
623,486
623,487
623,488
623,490
623,495
623,496
623,498
623,499
623,502
623,504
623,506
623,513
623,524
623,526
623,533
623,540
623,542
623,543
623,547
623,550
623,561
623,568
623,570
623,573
623,577
623,578
623,584
623,586
623,593
623,595
623,597
623,605
623,613
623,614
624,90
624,204
624,459
624,483
624,498
624,499
624,513
624,526
624,533
624,568
624,577
624,602
624,623
626,98
626,204
626,216
626,459
626,475
626,485
626,487
626,583
626,584
626,602
626,624
626,625
627,95
627,98
627,176
627,180
627,204
627,208
627,209
627,211
627,216
627,217
627,223
627,225
627,232
627,247
627,256
627,263
627,382
627,434
627,459
627,469
627,473
627,475
627,487
627,498
627,513
627,524
627,526
627,533
627,542
627,551
627,577
627,578
627,584
627,597
627,602
627,623
627,624
627,626
628,15
628,35
628,176
628,204
628,459
628,473
628,487
628,513
628,542
628,602
628,623
628,624
628,625
628,626
628,627
629,15
629,35
629,51
629,90
629,98
629,176
629,194
629,204
629,223
629,263
629,431
629,434
629,459
629,473
629,487
629,498
629,499
629,513
629,524
629,526
629,533
629,542
629,573
629,577
629,578
629,593
629,597
629,602
629,623
629,624
629,625
629,626
629,627
629,628
630,475
630,565
630,583
630,584
630,607
631,460
631,475
631,482
631,485
631,492
631,558
631,565
631,583
631,584
631,607
631,617
631,630
632,17
632,31
632,44
632,70
632,98
632,135
632,297
632,402
632,467
632,469
632,516
632,542
632,591
633,44
633,326
633,362
633,369
633,481
633,510
633,519
633,555
633,566
634,509
634,519
634,520
634,522
634,524
634,562
634,576
634,577
634,578
634,592
634,597
634,603
634,606
634,610
635,510
635,519
635,560
635,564
635,566
635,633
636,204
636,459
636,577
636,578
636,602
636,624
636,627
636,628
636,629
637,304
637,431
637,466
637,472
637,473
637,483
637,486
637,490
637,496
637,498
637,499
637,504
637,513
637,526
637,540
637,542
637,550
637,561
637,568
637,570
637,577
637,578
637,586
637,605
637,613
637,623
638,26
638,293
638,426
638,436
638,460
638,503
638,510
638,519
638,554
638,560
638,564
638,566
638,575
638,616
638,633
638,635
639,204
639,460
639,482
639,485
639,488
639,515
639,583
639,626
639,631
640,516
641,309
641,426
641,476
641,477
641,480
641,489
641,511
641,566
641,575
641,579
641,616
642,98
642,116
642,127
642,169
642,192
642,221
642,275
642,304
642,431
642,460
642,466
642,472
642,473
642,475
642,482
642,483
642,485
642,486
642,487
642,490
642,494
642,496
642,504
642,513
642,526
642,540
642,542
642,550
642,561
642,565
642,568
642,570
642,584
642,586
642,607
642,612
642,613
642,623
642,626
642,630
642,631
642,637
642,639
643,601
644,275
644,304
644,431
644,432
644,466
644,472
644,473
644,483
644,486
644,490
644,496
644,504
644,513
644,526
644,540
644,542
644,550
644,561
644,568
644,570
644,586
644,605
644,613
644,614
644,623
644,637
644,642
645,431
645,466
645,473
645,483
645,486
645,490
645,495
645,496
645,498
645,499
645,504
645,513
645,526
645,533
645,540
645,542
645,550
645,561
645,568
645,570
645,584
645,586
645,613
645,623
645,627
645,629
645,637
645,642
645,644
646,99
646,108
646,110
646,151
646,166
646,167
646,212
646,220
646,243
646,248
646,250
646,258
646,261
646,262
646,263
646,265
646,267
646,279
646,348
646,364
646,431
646,466
646,473
646,483
646,486
646,490
646,496
646,504
646,513
646,526
646,542
646,550
646,561
646,568
646,570
646,586
646,613
646,623
646,637
646,642
646,644
646,645
647,151
647,192
647,263
647,475
647,513
647,542
647,605
647,613
647,623
647,644
648,35
648,37
648,44
648,51
648,60
648,66
648,72
648,77
648,90
648,98
648,138
648,150
648,189
648,194
648,195
648,197
648,204
648,431
648,461
648,466
648,467
648,469
648,470
648,483
648,487
648,489
648,495
648,498
648,499
648,502
648,507
648,509
648,513
648,524
648,526
648,533
648,543
648,545
648,547
648,556
648,567
648,568
648,570
648,573
648,577
648,578
648,580
648,593
648,595
648,597
648,600
648,603
648,604
648,605
648,623
648,624
648,629
648,634
648,636
648,637
649,123
649,493
649,521
649,523
649,529
649,571
649,594
649,603
650,545
650,649
651,49
651,51
651,66
651,77
651,90
651,167
651,189
651,194
651,315
651,332
651,348
651,386
651,431
651,483
651,499
651,513
651,524
651,561
651,567
651,570
651,573
651,577
651,593
651,601
651,614
651,623
651,648
652,51
652,150
652,194
652,477
652,480
652,489
652,499
652,507
652,511
652,524
652,566
652,567
652,573
652,577
652,578
652,579
652,593
652,603
652,634
652,641
652,648
653,386
653,524
653,545
653,576
653,581
653,595
653,603
653,650
654,477
654,511
654,530
654,566
654,575
654,641
655,469
655,547
655,645
656,353
656,426
656,462
656,563
657,204
657,462
657,469
657,483
657,499
657,502
657,524
657,533
657,547
657,568
657,577
657,578
657,591
657,623
657,624
657,645
657,648
657,655
657,656
658,150
658,309
658,476
658,477
658,489
658,507
658,511
658,566
658,575
658,579
658,641
658,654
659,19
659,37
659,43
659,44
659,51
659,60
659,66
659,71
659,72
659,77
659,79
659,82
659,84
659,88
659,90
659,91
659,98
659,127
659,137
659,138
659,156
659,189
659,192
659,194
659,195
659,197
659,205
659,257
659,259
659,273
659,304
659,315
659,332
659,368
659,386
659,431
659,432
659,461
659,466
659,467
659,470
659,472
659,473
659,475
659,483
659,486
659,487
659,488
659,490
659,494
659,495
659,496
659,498
659,499
659,502
659,504
659,509
659,513
659,524
659,525
659,526
659,533
659,540
659,542
659,543
659,545
659,547
659,549
659,550
659,561
659,567
659,568
659,570
659,573
659,576
659,577
659,578
659,584
659,586
659,593
659,595
659,599
659,605
659,608
659,613
659,614
659,623
659,624
659,629
659,637
659,642
659,644
659,645
659,646
659,647
659,648
659,651
659,652
659,657
660,44
660,51
660,60
660,90
660,131
660,138
660,150
660,156
660,189
660,192
660,194
660,195
660,197
660,219
660,257
660,315
660,431
660,461
660,466
660,467
660,483
660,486
660,487
660,488
660,489
660,498
660,499
660,502
660,507
660,513
660,524
660,526
660,533
660,542
660,543
660,547
660,566
660,567
660,568
660,570
660,573
660,577
660,578
660,579
660,593
660,595
660,604
660,623
660,629
660,648
660,651
660,652
660,659
661,469
661,478
662,204
662,239
662,475
662,485
662,583
662,625
662,626
662,639
663,293
663,426
664,51
664,194
664,466
664,483
664,489
664,566
664,570
664,573
664,593
664,648
664,651
664,652
664,659
664,660
665,51
665,60
665,66
665,90
665,98
665,138
665,189
665,194
665,197
665,257
665,431
665,470
665,495
665,498
665,499
665,509
665,513
665,517
665,524
665,526
665,543
665,545
665,547
665,567
665,570
665,573
665,576
665,577
665,578
665,580
665,581
665,593
665,595
665,597
665,603
665,636
665,648
665,650
665,651
665,659
665,660
666,51
666,194
666,460
666,522
666,524
666,533
666,547
666,565
666,567
666,573
666,578
666,591
666,593
666,660
666,665
667,123
667,426
667,493
667,519
667,521
667,522
667,523
667,527
667,571
667,594
667,649
668,488
668,514
668,515
668,565
668,639
669,19
669,51
669,60
669,66
669,72
669,79
669,90
669,189
669,192
669,195
669,257
669,304
669,431
669,466
669,472
669,473
669,483
669,486
669,487
669,488
669,490
669,495
669,496
669,498
669,499
669,504
669,513
669,524
669,526
669,533
669,540
669,542
669,543
669,547
669,550
669,561
669,567
669,568
669,570
669,577
669,578
669,584
669,586
669,593
669,595
669,599
669,605
669,608
669,613
669,614
669,623
669,624
669,637
669,642
669,644
669,645
669,646
669,648
669,659
669,660
670,9
670,13
670,26
670,41
670,111
670,130
670,132
670,153
670,159
670,165
670,206
670,274
670,287
670,289
670,291
670,293
670,303
670,313
670,320
670,328
670,345
670,353
670,357
670,366
670,396
670,412
670,426
670,436
670,447
670,477
670,554
670,563
670,564
670,596
670,616
670,619
670,635
670,638
670,641
670,656
671,460
671,482
672,38
672,40
672,344
672,525
672,529
672,559
673,6
673,11
673,48
673,75
673,315
673,332
673,525
673,529
673,672
674,75
674,90
674,332
674,509
674,517
674,524
674,525
674,529
674,530
674,559
674,648
674,659
674,665
674,673
675,475
675,485
675,558
675,565
676,274
676,466
676,483
676,490
676,496
676,550
676,561
676,568
676,586
676,613
676,642
676,644
677,469
677,591
677,618
677,622
678,293
678,426
678,562
679,99
679,108
679,110
679,151
679,166
679,167
679,212
679,220
679,243
679,248
679,250
679,258
679,261
679,262
679,263
679,265
679,267
679,348
679,364
679,646
680,275
680,304
680,466
680,472
680,473
680,483
680,486
680,490
680,496
680,504
680,513
680,526
680,550
680,561
680,568
680,570
680,586
680,613
680,614
680,623
680,637
680,642
680,644
680,645
680,646
680,659
680,669
680,676
681,525
681,529
681,545
681,576
681,648
681,650
681,653
681,665
682,491
682,503
682,510
682,519
682,560
682,564
682,566
682,575
682,599
682,633
682,635
682,638
683,150
683,194
683,489
683,507
683,509
683,530
683,566
683,573
683,579
683,652
683,654
683,658
683,674
684,150
684,194
684,499
684,502
684,507
684,513
684,522
684,566
684,573
684,577
684,579
684,592
684,648
684,652
684,658
684,660
684,666
684,683
685,469
685,516
685,618
685,677
686,123
686,164
686,180
686,470
686,493
686,509
686,518
686,519
686,522
686,524
686,529
686,538
686,541
686,546
686,551
686,562
686,574
686,576
686,581
686,592
686,594
686,597
686,603
686,609
686,610
686,649
686,667
