Id,Label,timeset,pageranks,modularity_class
G1,G1,,0.000893,0
G2,G2,,0.001572,0
G26,G26,,0.001082,0
G49,G49,,0.001079,0
G50,G50,,0.001226,0
G51,G51,,0.001217,0
G52,G52,,0.001074,0
G53,G53,,0.001195,0
G58,G58,,0.001123,0
G70,G70,,0.000576,0
G76,G76,,0.001009,0
G79,G79,,0.000339,0
G92,G92,,0.001318,0
G95,G95,,0.000963,0
G99,G99,,0.0014,0
G101,G101,,0.00083,0
G102,G102,,0.000635,0
G111,G111,,0.000559,0
G131,G131,,0.000931,0
G142,G142,,0.000342,0
G155,G155,,0.001002,0
G156,G156,,0.00075,0
G245,G245,,0.001286,0
G267,G267,,0.000933,0
G288,G288,,0.001432,0
G296,G296,,0.001241,0
G302,G302,,0.000811,0
G309,G309,,0.00127,0
G342,G342,,0.001773,0
G374,G374,,0.000491,0
G384,G384,,0.00081,0
G388,G388,,0.000561,0
G393,G393,,0.000714,0
G402,G402,,0.000729,0
G468,G468,,0.000621,0
G478,G478,,0.000708,0
G496,G496,,0.00083,2
G526,G526,,0.000531,0
G663,G663,,0.00063,0
G664,G664,,0.000287,0
G744,G744,,0.000322,0
G3,G3,,0.000514,0
G4,G4,,0.000686,0
G22,G22,,0.000636,0
G100,G100,,0.000662,0
G143,G143,,0.000377,0
G150,G150,,0.00086,0
G153,G153,,0.000473,0
G166,G166,,0.000498,8
G243,G243,,0.000741,0
G263,G263,,0.000988,0
G265,G265,,0.001257,0
G289,G289,,0.000904,0
G313,G313,,0.000562,2
G373,G373,,0.00049,0
G381,G381,,0.000653,0
G386,G386,,0.000988,0
G462,G462,,0.000647,0
G488,G488,,0.000451,0
G534,G534,,0.000405,0
G680,G680,,0.000604,0
G749,G749,,0.000494,0
G780,G780,,0.000097,0
G830,G830,,0.000275,0
G862,G862,,0.000518,0
G1104,G1104,,0.000689,0
G1554,G1554,,0.0005,0
G1561,G1561,,0.0005,0
G1676,G1676,,0.000228,0
G439,G439,,0.000515,2
G614,G614,,0.000401,0
G643,G643,,0.000194,0
G720,G720,,0.000215,0
G621,G621,,0.000488,11
G808,G808,,0.000224,0
G5,G5,,0.000367,2
G6,G6,,0.000739,2
G174,G174,,0.002589,11
G292,G292,,0.000793,2
G469,G469,,0.000755,2
G688,G688,,0.001053,2
G1110,G1110,,0.001388,2
G1124,G1124,,0.00109,2
G1213,G1213,,0.000533,2
G98,G98,,0.000715,2
G109,G109,,0.000601,2
G117,G117,,0.000953,2
G420,G420,,0.00033,2
G465,G465,,0.00027,2
G637,G637,,0.000873,2
G734,G734,,0.00028,2
G1082,G1082,,0.000608,2
G1125,G1125,,0.000705,2
G1301,G1301,,0.000946,2
G1309,G1309,,0.000621,2
G1531,G1531,,0.000475,2
G1693,G1693,,0.000154,2
G7,G7,,0.000611,13
G8,G8,,0.001042,13
G244,G244,,0.001561,13
G269,G269,,0.000538,13
G293,G293,,0.000306,13
G307,G307,,0.000538,13
G311,G311,,0.000616,13
G874,G874,,0.000176,8
G1012,G1012,,0.000693,13
G1016,G1016,,0.000719,13
G1027,G1027,,0.000629,13
G1030,G1030,,0.000629,13
G1138,G1138,,0.000306,13
G1733,G1733,,0.001327,13
G976,G976,,0.000915,11
G980,G980,,0.000112,13
G1036,G1036,,0.000615,4
G1232,G1232,,0.000112,13
G1319,G1319,,0.000112,13
G1760,G1760,,0.000178,13
G9,G9,,0.000811,17
G10,G10,,0.000373,17
G21,G21,,0.000631,17
G144,G144,,0.001722,12
G145,G145,,0.000881,16
G218,G218,,0.000279,17
G975,G975,,0.000777,17
G1038,G1038,,0.000564,17
G1154,G1154,,0.000783,17
G1155,G1155,,0.000783,17
G1192,G1192,,0.001949,17
G1194,G1194,,0.002023,17
G1195,G1195,,0.000463,17
G1222,G1222,,0.00055,17
G1227,G1227,,0.000463,17
G1472,G1472,,0.00086,17
G1831,G1831,,0.000425,17
G1836,G1836,,0.000425,17
G1883,G1883,,0.000487,17
G1917,G1917,,0.000501,12
G1948,G1948,,0.000462,12
G2054,G2054,,0.000462,12
G11,G11,,0.001333,16
G12,G12,,0.000407,16
G13,G13,,0.000681,16
G14,G14,,0.000649,16
G27,G27,,0.000785,16
G54,G54,,0.000782,16
G55,G55,,0.000811,16
G56,G56,,0.000681,16
G57,G57,,0.000724,16
G59,G59,,0.000649,16
G152,G152,,0.001008,16
G219,G219,,0.000711,16
G242,G242,,0.00132,16
G264,G264,,0.000624,16
G268,G268,,0.000752,16
G281,G281,,0.000649,16
G310,G310,,0.000701,16
G314,G314,,0.000961,16
G321,G321,,0.005501,5
G354,G354,,0.000732,16
G367,G367,,0.000534,16
G379,G379,,0.000923,16
G410,G410,,0.001332,16
G460,G460,,0.00059,16
G461,G461,,0.000785,16
G470,G470,,0.001003,16
G495,G495,,0.000513,16
G510,G510,,0.001,16
G515,G515,,0.000321,16
G563,G563,,0.000221,16
G564,G564,,0.000544,17
G600,G600,,0.00049,16
G719,G719,,0.000265,16
G796,G796,,0.000364,16
G831,G831,,0.000298,19
G1109,G1109,,0.000558,16
G15,G15,,0.0008,1
G16,G16,,0.000485,1
G74,G74,,0.000337,1
G188,G188,,0.000337,1
G330,G330,,0.000338,1
G965,G965,,0.000199,1
G17,G17,,0.000952,7
G18,G18,,0.000945,7
G1205,G1205,,0.000341,7
G1229,G1229,,0.000198,7
G1549,G1549,,0.000505,7
G2140,G2140,,0.00046,7
G2141,G2141,,0.000198,7
G2169,G2169,,0.000478,7
G2184,G2184,,0.000343,7
G2185,G2185,,0.000197,7
G2186,G2186,,0.000197,7
G19,G19,,0.000209,12
G20,G20,,0.000857,12
G96,G96,,0.000302,12
G337,G337,,0.000209,12
G517,G517,,0.000413,0
G541,G541,,0.001053,16
G596,G596,,0.000262,12
G1085,G1085,,0.000344,12
G1198,G1198,,0.000355,12
G1224,G1224,,0.000355,12
G1556,G1556,,0.001186,12
G1573,G1573,,0.000533,12
G248,G248,,0.000617,17
G273,G273,,0.000886,17
G274,G274,,0.000436,17
G299,G299,,0.000353,17
G306,G306,,0.000761,16
G417,G417,,0.000813,17
G667,G667,,0.000435,9
G1544,G1544,,0.000453,17
G1547,G1547,,0.000453,17
G1584,G1584,,0.000453,17
G543,G543,,0.000433,0
G23,G23,,0.000609,1
G24,G24,,0.000385,1
G47,G47,,0.000385,1
G141,G141,,0.000385,1
G610,G610,,0.000524,1
G611,G611,,0.000252,1
G25,G25,,0.000884,0
G66,G66,,0.000612,0
G168,G168,,0.000269,0
G169,G169,,0.000171,0
G270,G270,,0.000612,2
G350,G350,,0.001469,2
G359,G359,,0.000356,2
G376,G376,,0.000457,10
G428,G428,,0.000419,0
G545,G545,,0.000561,0
G598,G598,,0.000451,0
G635,G635,,0.000834,2
G724,G724,,0.000357,0
G1168,G1168,,0.000612,2
G1520,G1520,,0.000217,2
G1521,G1521,,0.000217,2
G1650,G1650,,0.000217,2
G320,G320,,0.000755,2
G651,G651,,0.000354,0
G716,G716,,0.000139,8
G750,G750,,0.000114,0
G971,G971,,0.000095,16
G1638,G1638,,0.000095,16
G28,G28,,0.000727,3
G29,G29,,0.001357,3
G40,G40,,0.000743,3
G65,G65,,0.00072,3
G67,G67,,0.001228,3
G68,G68,,0.001763,3
G91,G91,,0.00167,3
G112,G112,,0.001337,3
G175,G175,,0.001337,3
G176,G176,,0.001474,3
G177,G177,,0.001337,3
G180,G180,,0.001301,3
G183,G183,,0.001301,3
G186,G186,,0.001301,3
G190,G190,,0.001301,3
G191,G191,,0.001301,3
G192,G192,,0.001439,3
G195,G195,,0.001301,3
G199,G199,,0.001254,3
G204,G204,,0.001207,3
G205,G205,,0.001421,3
G206,G206,,0.001467,3
G207,G207,,0.00119,3
G223,G223,,0.00131,3
G258,G258,,0.000643,3
G275,G275,,0.001317,3
G518,G518,,0.001429,3
G524,G524,,0.000223,3
G584,G584,,0.000384,10
G675,G675,,0.000431,10
G918,G918,,0.001085,3
G923,G923,,0.001301,3
G924,G924,,0.001337,3
G932,G932,,0.001301,3
G933,G933,,0.001477,3
G936,G936,,0.001301,3
G937,G937,,0.001301,3
G949,G949,,0.001429,3
G967,G967,,0.001173,3
G1101,G1101,,0.001615,3
G1414,G1414,,0.00023,3
G41,G41,,0.000826,3
G42,G42,,0.000912,3
G45,G45,,0.000906,3
G46,G46,,0.001155,3
G80,G80,,0.000947,0
G178,G178,,0.000839,3
G179,G179,,0.000658,3
G181,G181,,0.000577,3
G182,G182,,0.000587,3
G184,G184,,0.000505,3
G185,G185,,0.000505,3
G187,G187,,0.000541,3
G189,G189,,0.00053,3
G198,G198,,0.000589,3
G210,G210,,0.000776,3
G213,G213,,0.000609,3
G235,G235,,0.000688,3
G423,G423,,0.000831,3
G521,G521,,0.000481,3
G535,G535,,0.000481,3
G629,G629,,0.000622,3
G912,G912,,0.000545,3
G913,G913,,0.000556,3
G914,G914,,0.000545,3
G917,G917,,0.000545,3
G919,G919,,0.000525,3
G921,G921,,0.000461,3
G922,G922,,0.000461,3
G925,G925,,0.000541,3
G926,G926,,0.000541,3
G927,G927,,0.000541,3
G928,G928,,0.000505,3
G934,G934,,0.000516,3
G935,G935,,0.000505,3
G938,G938,,0.000541,3
G939,G939,,0.000505,3
G940,G940,,0.000541,3
G941,G941,,0.000505,3
G942,G942,,0.000505,3
G943,G943,,0.000527,3
G944,G944,,0.000505,3
G953,G953,,0.00056,3
G954,G954,,0.00056,3
G955,G955,,0.00056,3
G958,G958,,0.000177,3
G959,G959,,0.000177,3
G960,G960,,0.000481,3
G963,G963,,0.000177,3
G964,G964,,0.000463,3
G966,G966,,0.000481,3
G977,G977,,0.000481,3
G985,G985,,0.00026,3
G1114,G1114,,0.00025,3
G1121,G1121,,0.000501,3
G1122,G1122,,0.00025,3
G1279,G1279,,0.000161,3
G1387,G1387,,0.000147,3
G1790,G1790,,0.0001,3
G1823,G1823,,0.0001,3
G30,G30,,0.000712,10
G31,G31,,0.000414,10
G48,G48,,0.000348,10
G62,G62,,0.000637,10
G63,G63,,0.000637,10
G368,G368,,0.000348,10
G407,G407,,0.00085,10
G968,G968,,0.000215,5
G974,G974,,0.000348,17
G1010,G1010,,0.000436,5
G1053,G1053,,0.000544,10
G1089,G1089,,0.000215,5
G1612,G1612,,0.000162,5
G1007,G1007,,0.000632,4
G32,G32,,0.000861,5
G33,G33,,0.000697,5
G60,G60,,0.000697,5
G61,G61,,0.000861,5
G295,G295,,0.000697,5
G297,G297,,0.000861,5
G308,G308,,0.000697,5
G369,G369,,0.000867,5
G394,G394,,0.000542,5
G395,G395,,0.000743,5
G472,G472,,0.000701,5
G649,G649,,0.000464,5
G662,G662,,0.000618,5
G678,G678,,0.000332,5
G679,G679,,0.00048,5
G1439,G1439,,0.00055,5
G1445,G1445,,0.000362,9
G1467,G1467,,0.000362,9
G1527,G1527,,0.000459,5
G1576,G1576,,0.000419,5
G1578,G1578,,0.000609,9
G1608,G1608,,0.000526,5
G1880,G1880,,0.000464,5
G34,G34,,0.001206,7
G35,G35,,0.00066,7
G569,G569,,0.000156,7
G583,G583,,0.000417,7
G672,G672,,0.000238,7
G685,G685,,0.000156,7
G794,G794,,0.000246,7
G838,G838,,0.000462,8
G845,G845,,0.000218,7
G858,G858,,0.000156,7
G884,G884,,0.000306,7
G888,G888,,0.000326,7
G558,G558,,0.000435,7
G2098,G2098,,0.000791,7
G2197,G2197,,0.000429,7
G2248,G2248,,0.00095,7
G36,G36,,0.000474,19
G37,G37,,0.000301,19
G163,G163,,0.000392,19
G164,G164,,0.000608,19
G607,G607,,0.000392,19
G608,G608,,0.000301,19
G38,G38,,0.000331,7
G39,G39,,0.000331,7
G775,G775,,0.000598,7
G157,G157,,0.000593,10
G322,G322,,0.000636,3
G335,G335,,0.000565,3
G413,G413,,0.000373,3
G463,G463,,0.000266,3
G464,G464,,0.000266,3
G483,G483,,0.000316,3
G485,G485,,0.000606,3
G570,G570,,0.000286,3
G644,G644,,0.000114,3
G903,G903,,0.000232,19
G1197,G1197,,0.000363,3
G1438,G1438,,0.000506,9
G1690,G1690,,0.000193,3
G1838,G1838,,0.000193,3
G1849,G1849,,0.000238,3
G801,G801,,0.000102,0
G251,G251,,0.000739,8
G659,G659,,0.000163,8
G43,G43,,0.000437,8
G44,G44,,0.000437,8
G115,G115,,0.000437,8
G116,G116,,0.00338,8
G336,G336,,0.000437,8
G338,G338,,0.000437,8
G375,G375,,0.004117,8
G486,G486,,0.000297,0
G362,G362,,0.000717,7
G579,G579,,0.000846,16
G668,G668,,0.000377,9
G703,G703,,0.000148,4
G69,G69,,0.000999,0
G71,G71,,0.000917,0
G75,G75,,0.000708,0
G81,G81,,0.00067,0
G84,G84,,0.00068,0
G97,G97,,0.000528,0
G158,G158,,0.000396,0
G351,G351,,0.000616,0
G405,G405,,0.000484,0
G456,G456,,0.000556,0
G471,G471,,0.000316,0
G489,G489,,0.00046,0
G512,G512,,0.000377,0
G528,G528,,0.000455,0
G554,G554,,0.000384,0
G589,G589,,0.000306,0
G599,G599,,0.000279,0
G632,G632,,0.000214,0
G652,G652,,0.000197,0
G841,G841,,0.000452,0
G1345,G1345,,0.000531,0
G1412,G1412,,0.000356,0
G1587,G1587,,0.000253,0
G146,G146,,0.000528,0
G508,G508,,0.000536,0
G640,G640,,0.000289,0
G328,G328,,0.000546,14
G502,G502,,0.000428,0
G826,G826,,0.000102,0
G790,G790,,0.000136,0
G850,G850,,0.000157,0
G319,G319,,0.000705,4
G329,G329,,0.000641,4
G120,G120,,0.001378,7
G172,G172,,0.000553,16
G1096,G1096,,0.000173,16
G2270,G2270,,0.000236,16
G696,G696,,0.000123,0
G1072,G1072,,0.000643,17
G1420,G1420,,0.000682,17
G1441,G1441,,0.000682,17
G1887,G1887,,0.000272,10
G1901,G1901,,0.000362,10
G1904,G1904,,0.000272,10
G64,G64,,0.000305,3
G695,G695,,0.000121,3
G1449,G1449,,0.000329,3
G1647,G1647,,0.000448,13
G1916,G1916,,0.000644,12
G1959,G1959,,0.000526,12
G979,G979,,0.000588,5
G1454,G1454,,0.000502,17
G2010,G2010,,0.000082,3
G2043,G2043,,0.000082,3
G2061,G2061,,0.000082,3
G738,G738,,0.000167,0
G798,G798,,0.000107,0
G2195,G2195,,0.000107,0
G113,G113,,0.000937,3
G255,G255,,0.001298,17
G422,G422,,0.000638,3
G682,G682,,0.000591,9
G802,G802,,0.00055,9
G892,G892,,0.000937,17
G1126,G1126,,0.000691,17
G1156,G1156,,0.000438,17
G1161,G1161,,0.000845,13
G1162,G1162,,0.000189,12
G1163,G1163,,0.000438,17
G1164,G1164,,0.000189,12
G1253,G1253,,0.000389,3
G1254,G1254,,0.000551,3
G1261,G1261,,0.000551,3
G1262,G1262,,0.000389,3
G1273,G1273,,0.000603,3
G1305,G1305,,0.000667,3
G1478,G1478,,0.000378,17
G1479,G1479,,0.000175,17
G1480,G1480,,0.000175,17
G1481,G1481,,0.000175,17
G1494,G1494,,0.000781,3
G1495,G1495,,0.000628,3
G1657,G1657,,0.000539,17
G1872,G1872,,0.000554,3
G864,G864,,0.000437,3
G1060,G1060,,0.000437,3
G1073,G1073,,0.000437,3
G1235,G1235,,0.000406,3
G1242,G1242,,0.000406,3
G1537,G1537,,0.000569,3
G1540,G1540,,0.000685,3
G1624,G1624,,0.000569,3
G513,G513,,0.000106,0
G628,G628,,0.000224,16
G492,G492,,0.000517,17
G516,G516,,0.001312,17
G559,G559,,0.00035,17
G761,G761,,0.000586,17
G786,G786,,0.000218,17
G72,G72,,0.000293,16
G73,G73,,0.000549,16
G647,G647,,0.000577,16
G1415,G1415,,0.001176,9
G1425,G1425,,0.001198,16
G1524,G1524,,0.000611,16
G590,G590,,0.000545,17
G613,G613,,0.0002,16
G915,G915,,0.000194,14
G759,G759,,0.000083,0
G77,G77,,0.000393,17
G78,G78,,0.000244,17
G425,G425,,0.000244,17
G1049,G1049,,0.000323,17
G1130,G1130,,0.00033,11
G364,G364,,0.000874,17
G1275,G1275,,0.000874,17
G1615,G1615,,0.0003,17
G671,G671,,0.000239,0
G1245,G1245,,0.000864,3
G1321,G1321,,0.000712,3
G871,G871,,0.0001,0
G82,G82,,0.000583,6
G83,G83,,0.001191,6
G371,G371,,0.000275,6
G565,G565,,0.000289,6
G658,G658,,0.000447,6
G372,G372,,0.000176,6
G807,G807,,0.000176,6
G1233,G1233,,0.000674,6
G1234,G1234,,0.00029,6
G1286,G1286,,0.000453,6
G1303,G1303,,0.00029,6
G1307,G1307,,0.00029,6
G85,G85,,0.000598,2
G86,G86,,0.000399,2
G114,G114,,0.000662,2
G136,G136,,0.000494,2
G154,G154,,0.0004,2
G165,G165,,0.000426,2
G683,G683,,0.000247,2
G733,G733,,0.000347,2
G835,G835,,0.000166,5
G1025,G1025,,0.000184,18
G87,G87,,0.000999,11
G88,G88,,0.000392,11
G126,G126,,0.000536,11
G137,G137,,0.001026,11
G514,G514,,0.000778,11
G585,G585,,0.000466,11
G1183,G1183,,0.000467,17
G1437,G1437,,0.000304,11
G2174,G2174,,0.000263,17
G2297,G2297,,0.00014,11
G2298,G2298,,0.00014,11
G799,G799,,0.000174,11
G89,G89,,0.000635,8
G90,G90,,0.000347,8
G140,G140,,0.000486,8
G453,G453,,0.000347,8
G454,G454,,0.000347,8
G697,G697,,0.000249,8
G699,G699,,0.001352,7
G2002,G2002,,0.00043,8
G2084,G2084,,0.004589,8
G138,G138,,0.000421,0
G500,G500,,0.000739,16
G522,G522,,0.000459,0
G586,G586,,0.000208,0
G624,G624,,0.000332,5
G1820,G1820,,0.000085,0
G93,G93,,0.000547,11
G94,G94,,0.000341,11
G266,G266,,0.000253,11
G1860,G1860,,0.000156,11
G609,G609,,0.000141,2
G530,G530,,0.000303,0
G777,G777,,0.000104,0
G766,G766,,0.000143,0
G736,G736,,0.000286,0
G103,G103,,0.000372,8
G104,G104,,0.000299,8
G167,G167,,0.000532,3
G316,G316,,0.000307,8
G1103,G1103,,0.000159,8
G1210,G1210,,0.000311,8
G1648,G1648,,0.000188,8
G105,G105,,0.000716,4
G106,G106,,0.000326,4
G128,G128,,0.000327,4
G139,G139,,0.000526,4
G284,G284,,0.000549,4
G285,G285,,0.000549,4
G343,G343,,0.000515,4
G344,G344,,0.001033,4
G399,G399,,0.000211,4
G1058,G1058,,0.000595,4
G1059,G1059,,0.000595,4
G1065,G1065,,0.000617,4
G1066,G1066,,0.000549,4
G1099,G1099,,0.000549,4
G1144,G1144,,0.000549,4
G107,G107,,0.000224,13
G108,G108,,0.000618,13
G519,G519,,0.000224,13
G1533,G1533,,0.0006,13
G2074,G2074,,0.000199,13
G2075,G2075,,0.00033,13
G110,G110,,0.000461,2
G239,G239,,0.000862,2
G339,G339,,0.000708,2
G763,G763,,0.002017,1
G2200,G2200,,0.000158,2
G2201,G2201,,0.000235,2
G627,G627,,0.0003,0
G1510,G1510,,0.000191,17
G334,G334,,0.000676,3
G449,G449,,0.000676,3
G1157,G1157,,0.000672,3
G1241,G1241,,0.000686,3
G1243,G1243,,0.000686,3
G1443,G1443,,0.00064,3
G1503,G1503,,0.00064,3
G1659,G1659,,0.000408,3
G1671,G1671,,0.000657,3
G352,G352,,0.000776,17
G432,G432,,0.000961,17
G580,G580,,0.000126,3
G704,G704,,0.000199,17
G731,G731,,0.000303,17
G1032,G1032,,0.000195,3
G1033,G1033,,0.0003,3
G1203,G1203,,0.000266,3
G1674,G1674,,0.000311,17
G1706,G1706,,0.000311,17
G1708,G1708,,0.000311,17
G1772,G1772,,0.000311,17
G1774,G1774,,0.000311,17
G121,G121,,0.000826,2
G122,G122,,0.000584,13
G984,G984,,0.000299,2
G2103,G2103,,0.00082,10
G159,G159,,0.000454,7
G240,G240,,0.000489,8
G575,G575,,0.00057,10
G739,G739,,0.001149,8
G745,G745,,0.000894,8
G760,G760,,0.000406,8
G762,G762,,0.000453,8
G769,G769,,0.001041,8
G1702,G1702,,0.000472,17
G2047,G2047,,0.000421,12
G2080,G2080,,0.000189,8
G2102,G2102,,0.000189,8
G2107,G2107,,0.000474,8
G2108,G2108,,0.000267,8
G2109,G2109,,0.000189,8
G2116,G2116,,0.000189,8
G2118,G2118,,0.000263,8
G2119,G2119,,0.000263,8
G2120,G2120,,0.000189,8
G2121,G2121,,0.000189,8
G2124,G2124,,0.000481,8
G2126,G2126,,0.000349,8
G2127,G2127,,0.000189,8
G2128,G2128,,0.000263,8
G2130,G2130,,0.000279,8
G2131,G2131,,0.000189,8
G2132,G2132,,0.000189,8
G2133,G2133,,0.000189,8
G2134,G2134,,0.000189,8
G2136,G2136,,0.000329,8
G2137,G2137,,0.001092,8
G2256,G2256,,0.000304,14
G2275,G2275,,0.000127,8
G2287,G2287,,0.000127,8
G2327,G2327,,0.000127,8
G2366,G2366,,0.000127,8
G118,G118,,0.00037,2
G238,G238,,0.000484,2
G262,G262,,0.000667,2
G507,G507,,0.000245,2
G544,G544,,0.000575,2
G813,G813,,0.00013,2
G1447,G1447,,0.000525,2
G1577,G1577,,0.000332,2
G1582,G1582,,0.000407,2
G1750,G1750,,0.000126,2
G2269,G2269,,0.000094,2
G119,G119,,0.00041,7
G160,G160,,0.000334,7
G479,G479,,0.000198,7
G536,G536,,0.00041,7
G1477,G1477,,0.000335,17
G1293,G1293,,0.000555,15
G2091,G2091,,0.00026,7
G2165,G2165,,0.000202,7
G2232,G2232,,0.000255,7
G2252,G2252,,0.000417,16
G2301,G2301,,0.000264,8
G2302,G2302,,0.000288,7
G2330,G2330,,0.000128,7
G437,G437,,0.00047,2
G450,G450,,0.001484,11
G566,G566,,0.000759,16
G700,G700,,0.000219,2
G878,G878,,0.000283,2
G879,G879,,0.000202,2
G893,G893,,0.000372,13
G1158,G1158,,0.00041,16
G851,G851,,0.000638,13
G988,G988,,0.00053,13
G1347,G1347,,0.000314,13
G1560,G1560,,0.000665,13
G1575,G1575,,0.00037,13
G1643,G1643,,0.00037,13
G123,G123,,0.000179,0
G124,G124,,0.000543,0
G149,G149,,0.000179,0
G829,G829,,0.000179,0
G125,G125,,0.000603,11
G1397,G1397,,0.000149,11
G2234,G2234,,0.00031,11
G2259,G2259,,0.000411,11
G867,G867,,0.000408,11
G127,G127,,0.000524,4
G686,G686,,0.000276,13
G848,G848,,0.000207,4
G1835,G1835,,0.000137,4
G1852,G1852,,0.000182,4
G129,G129,,0.000639,15
G130,G130,,0.000561,15
G228,G228,,0.000793,15
G229,G229,,0.000529,15
G260,G260,,0.000297,15
G294,G294,,0.000379,15
G315,G315,,0.000513,15
G385,G385,,0.000603,15
G606,G606,,0.000501,15
G674,G674,,0.000317,15
G708,G708,,0.000317,15
G711,G711,,0.000876,15
G1419,G1419,,0.000473,15
G421,G421,,0.000805,15
G1801,G1801,,0.000323,15
G2082,G2082,,0.000216,15
G2363,G2363,,0.000138,15
G800,G800,,0.000216,0
G132,G132,,0.000178,19
G133,G133,,0.000539,19
G689,G689,,0.001291,19
G869,G869,,0.000327,19
G2300,G2300,,0.000259,19
G134,G134,,0.000454,7
G135,G135,,0.000454,7
G246,G246,,0.002239,17
G455,G455,,0.000637,7
G571,G571,,0.000371,7
G572,G572,,0.000371,7
G415,G415,,0.000289,11
G1398,G1398,,0.000142,11
G1611,G1611,,0.000307,11
G491,G491,,0.000205,0
G527,G527,,0.00012,0
G866,G866,,0.0003,16
G1579,G1579,,0.000127,4
G1794,G1794,,0.000127,4
G232,G232,,0.000426,16
G732,G732,,0.000288,0
G254,G254,,0.001213,17
G277,G277,,0.000367,16
G312,G312,,0.000934,17
G414,G414,,0.000366,17
G477,G477,,0.000389,17
G701,G701,,0.000173,16
G962,G962,,0.000713,12
G1147,G1147,,0.000363,12
G1177,G1177,,0.000654,17
G1178,G1178,,0.000273,17
G1260,G1260,,0.000774,12
G1292,G1292,,0.000774,12
G1302,G1302,,0.002348,12
G1316,G1316,,0.000774,12
G1335,G1335,,0.001903,12
G1360,G1360,,0.001903,12
G1383,G1383,,0.000379,12
G1427,G1427,,0.000401,17
G1460,G1460,,0.000401,17
G1496,G1496,,0.000484,12
G1563,G1563,,0.000487,12
G1675,G1675,,0.000367,12
G1695,G1695,,0.000367,12
G1696,G1696,,0.000367,12
G1735,G1735,,0.000367,12
G1751,G1751,,0.000637,12
G1902,G1902,,0.000299,12
G1944,G1944,,0.000299,12
G1957,G1957,,0.000101,12
G865,G865,,0.000249,9
G1062,G1062,,0.000792,9
G1063,G1063,,0.000301,9
G1244,G1244,,0.000503,9
G1418,G1418,,0.000213,9
G1446,G1446,,0.00071,9
G655,G655,,0.000513,12
G2059,G2059,,0.000098,0
G2062,G2062,,0.000098,0
G2079,G2079,,0.000353,2
G147,G147,,0.000816,8
G148,G148,,0.000369,8
G161,G161,,0.001376,8
G484,G484,,0.000278,8
G854,G854,,0.000219,8
G856,G856,,0.000205,8
G872,G872,,0.000284,8
G2151,G2151,,0.000597,8
G2254,G2254,,0.00014,8
G2262,G2262,,0.000276,8
G2172,G2172,,0.000668,8
G151,G151,,0.000475,16
G601,G601,,0.000323,16
G605,G605,,0.000323,16
G1136,G1136,,0.000436,16
G1336,G1336,,0.000384,16
G1354,G1354,,0.000384,16
G1989,G1989,,0.000233,16
G2001,G2001,,0.000233,16
G547,G547,,0.000297,16
G626,G626,,0.000333,16
G1356,G1356,,0.000151,0
G2018,G2018,,0.000151,0
G852,G852,,0.000093,10
G1128,G1128,,0.000384,10
G1129,G1129,,0.000384,10
G1176,G1176,,0.000671,10
G1246,G1246,,0.000346,10
G1247,G1247,,0.000346,10
G1248,G1248,,0.000346,10
G1267,G1267,,0.000346,10
G317,G317,,0.000899,17
G1152,G1152,,0.000639,13
G162,G162,,0.000351,7
G444,G444,,0.000301,8
G445,G445,,0.000453,8
G466,G466,,0.000739,16
G847,G847,,0.000584,8
G855,G855,,0.000257,8
G2150,G2150,,0.00035,8
G2227,G2227,,0.000246,8
G2230,G2230,,0.000448,8
G2272,G2272,,0.000361,8
G756,G756,,0.000524,19
G2156,G2156,,0.00059,19
G170,G170,,0.001775,12
G171,G171,,0.000448,12
G537,G537,,0.000803,12
G1090,G1090,,0.000711,12
G1287,G1287,,0.000524,17
G1459,G1459,,0.000139,12
G1498,G1498,,0.000139,12
G1550,G1550,,0.000139,12
G1597,G1597,,0.000775,17
G1623,G1623,,0.00059,17
G1637,G1637,,0.000139,12
G1655,G1655,,0.000139,12
G1698,G1698,,0.000206,11
G1757,G1757,,0.000139,12
G1769,G1769,,0.000139,12
G1778,G1778,,0.000139,12
G1806,G1806,,0.00105,18
G1812,G1812,,0.000139,12
G1819,G1819,,0.000139,12
G1929,G1929,,0.000425,16
G173,G173,,0.000097,16
G366,G366,,0.000442,16
G382,G382,,0.000472,16
G406,G406,,0.000514,16
G435,G435,,0.000518,16
G505,G505,,0.000409,16
G612,G612,,0.000376,16
G709,G709,,0.000376,16
G1435,G1435,,0.000315,16
G230,G230,,0.000132,11
G318,G318,,0.001452,5
G416,G416,,0.000448,11
G548,G548,,0.000577,19
G725,G725,,0.00086,4
G788,G788,,0.00034,11
G889,G889,,0.000484,15
G905,G905,,0.00136,5
G908,G908,,0.000563,11
G916,G916,,0.000747,14
G969,G969,,0.000239,11
G987,G987,,0.000292,11
G1000,G1000,,0.000294,11
G1035,G1035,,0.000693,11
G1045,G1045,,0.000355,11
G1201,G1201,,0.000353,11
G1214,G1214,,0.00045,11
G1216,G1216,,0.000132,11
G1294,G1294,,0.000222,11
G1323,G1323,,0.000421,11
G1826,G1826,,0.000132,11
G1856,G1856,,0.000132,11
G670,G670,,0.000204,3
G1118,G1118,,0.000685,12
G1256,G1256,,0.000563,17
G1426,G1426,,0.000297,3
G1628,G1628,,0.000255,3
G1669,G1669,,0.000165,3
G193,G193,,0.000396,7
G194,G194,,0.001039,7
G323,G323,,0.000554,7
G991,G991,,0.000652,16
G1221,G1221,,0.000554,7
G1417,G1417,,0.000287,7
G1469,G1469,,0.000287,7
G531,G531,,0.000508,7
G1119,G1119,,0.00034,7
G1928,G1928,,0.000291,7
G2015,G2015,,0.000291,7
G2024,G2024,,0.000126,7
G2063,G2063,,0.000291,7
G2064,G2064,,0.000291,7
G2068,G2068,,0.000126,7
G196,G196,,0.000974,8
G197,G197,,0.000383,8
G542,G542,,0.000356,16
G641,G641,,0.000457,8
G642,G642,,0.000811,8
G758,G758,,0.000138,8
G1230,G1230,,0.000218,8
G1271,G1271,,0.000797,8
G2110,G2110,,0.000417,8
G2164,G2164,,0.000632,8
G1413,G1413,,0.000249,7
G886,G886,,0.000111,3
G2009,G2009,,0.000155,12
G200,G200,,0.000427,12
G201,G201,,0.000365,12
G215,G215,,0.00077,12
G509,G509,,0.000566,12
G707,G707,,0.000292,12
G902,G902,,0.000365,12
G1250,G1250,,0.000365,12
G1379,G1379,,0.000566,12
G202,G202,,0.000412,12
G203,G203,,0.000262,12
G487,G487,,0.000312,12
G1704,G1704,,0.000794,12
G1764,G1764,,0.000702,12
G1851,G1851,,0.000262,12
G400,G400,,0.00141,17
G645,G645,,0.00049,17
G208,G208,,0.000281,15
G209,G209,,0.000646,15
G1159,G1159,,0.000407,15
G1140,G1140,,0.000335,15
G1225,G1225,,0.002328,11
G1651,G1651,,0.000341,15
G211,G211,,0.000492,13
G212,G212,,0.000492,13
G221,G221,,0.000492,13
G222,G222,,0.000492,13
G993,G993,,0.000492,13
G1011,G1011,,0.000423,13
G1889,G1889,,0.000267,13
G476,G476,,0.002102,8
G214,G214,,0.000193,17
G1264,G1264,,0.000846,17
G1297,G1297,,0.000846,17
G741,G741,,0.000297,12
G994,G994,,0.000193,17
G1821,G1821,,0.000265,8
G2214,G2214,,0.000191,11
G216,G216,,0.000185,11
G217,G217,,0.001086,16
G220,G220,,0.000775,16
G259,G259,,0.000831,16
G272,G272,,0.000788,16
G424,G424,,0.000535,16
G504,G504,,0.000932,17
G594,G594,,0.00076,16
G998,G998,,0.000668,16
G1017,G1017,,0.000434,16
G1031,G1031,,0.000434,16
G1186,G1186,,0.000613,4
G1312,G1312,,0.000573,16
G1348,G1348,,0.000107,16
G1565,G1565,,0.000932,17
G1793,G1793,,0.000355,16
G1975,G1975,,0.00076,16
G1992,G1992,,0.000575,16
G2039,G2039,,0.000258,16
G418,G418,,0.001396,17
G224,G224,,0.000723,16
G227,G227,,0.000723,16
G353,G353,,0.000423,16
G636,G636,,0.000466,16
G1148,G1148,,0.000734,16
G1150,G1150,,0.000723,16
G1318,G1318,,0.000385,16
G247,G247,,0.000462,17
G1193,G1193,,0.001039,17
G1202,G1202,,0.001088,17
G1215,G1215,,0.001039,17
G225,G225,,0.000392,4
G226,G226,,0.000537,4
G499,G499,,0.000272,12
G1120,G1120,,0.000182,4
G1741,G1741,,0.000128,4
G451,G451,,0.00069,15
G1832,G1832,,0.000105,15
G1056,G1056,,0.000596,17
G231,G231,,0.000124,16
G391,G391,,0.000988,19
G1251,G1251,,0.000902,19
G233,G233,,0.000329,13
G234,G234,,0.000347,13
G832,G832,,0.000579,13
G1077,G1077,,0.000279,13
G1538,G1538,,0.000901,17
G2245,G2245,,0.001916,19
G236,G236,,0.000139,0
G237,G237,,0.000268,0
G1391,G1391,,0.000188,19
G951,G951,,0.000386,8
G241,G241,,0.000423,8
G249,G249,,0.000482,8
G2077,G2077,,0.000515,8
G408,G408,,0.000473,17
G1771,G1771,,0.000267,16
G1694,G1694,,0.000372,0
G1748,G1748,,0.000213,0
G1870,G1870,,0.000213,0
G882,G882,,0.000975,12
G1173,G1173,,0.000466,13
G1174,G1174,,0.00047,12
G1660,G1660,,0.000353,13
G1689,G1689,,0.000196,13
G1691,G1691,,0.000381,13
G1892,G1892,,0.000192,13
G1958,G1958,,0.000192,13
G2000,G2000,,0.000192,13
G2215,G2215,,0.000138,13
G2216,G2216,,0.000138,13
G2217,G2217,,0.000138,13
G252,G252,,0.000367,0
G300,G300,,0.000642,17
G397,G397,,0.000539,9
G448,G448,,0.001036,17
G473,G473,,0.000728,17
G560,G560,,0.000438,17
G597,G597,,0.000176,17
G681,G681,,0.00052,17
G702,G702,,0.000438,17
G723,G723,,0.000158,8
G1026,G1026,,0.000349,5
G1028,G1028,,0.000349,5
G1034,G1034,,0.001399,17
G1041,G1041,,0.000432,17
G1042,G1042,,0.001087,17
G1043,G1043,,0.000432,17
G1050,G1050,,0.000432,17
G1051,G1051,,0.001053,17
G1057,G1057,,0.000521,17
G1067,G1067,,0.000616,17
G1187,G1187,,0.000585,17
G1249,G1249,,0.000967,17
G1255,G1255,,0.000684,17
G1289,G1289,,0.0004,17
G1317,G1317,,0.0004,17
G1320,G1320,,0.000322,17
G1331,G1331,,0.000866,17
G1408,G1408,,0.000539,9
G1411,G1411,,0.000682,12
G1493,G1493,,0.000569,17
G1588,G1588,,0.000585,17
G1697,G1697,,0.001113,12
G1717,G1717,,0.00052,17
G1909,G1909,,0.000176,17
G1954,G1954,,0.000176,17
G692,G692,,0.000266,17
G883,G883,,0.000173,18
G1558,G1558,,0.000145,8
G2089,G2089,,0.000672,8
G250,G250,,0.0004,8
G698,G698,,0.000325,8
G828,G828,,0.000148,8
G721,G721,,0.000108,8
G253,G253,,0.000167,0
G806,G806,,0.000167,0
G474,G474,,0.000928,17
G617,G617,,0.000503,16
G705,G705,,0.000214,16
G1208,G1208,,0.000928,17
G1265,G1265,,0.001101,17
G1571,G1571,,0.000151,17
G1583,G1583,,0.000287,17
G1705,G1705,,0.000482,17
G2014,G2014,,0.000322,17
G2020,G2020,,0.000322,17
G482,G482,,0.000465,17
G562,G562,,0.001808,12
G920,G920,,0.001388,12
G1257,G1257,,0.00029,17
G1266,G1266,,0.00029,17
G1277,G1277,,0.000473,17
G1483,G1483,,0.000318,17
G256,G256,,0.000332,7
G257,G257,,0.000709,7
G1143,G1143,,0.000278,7
G276,G276,,0.000419,7
G1116,G1116,,0.000341,7
G1605,G1605,,0.000214,7
G1844,G1844,,0.000151,10
G997,G997,,0.000226,16
G999,G999,,0.000226,16
G1001,G1001,,0.000226,16
G1003,G1003,,0.000226,16
G261,G261,,0.000099,2
G1878,G1878,,0.000139,2
G823,G823,,0.000125,4
G770,G770,,0.000746,12
G1375,G1375,,0.000376,12
G1377,G1377,,0.000376,12
G1482,G1482,,0.000412,12
G1488,G1488,,0.000412,12
G1489,G1489,,0.000431,12
G1505,G1505,,0.000431,12
G1622,G1622,,0.000806,12
G1737,G1737,,0.000426,12
G1765,G1765,,0.000426,12
G1677,G1677,,0.000636,12
G271,G271,,0.000646,2
G349,G349,,0.000647,2
G401,G401,,0.000474,2
G1238,G1238,,0.000523,2
G1353,G1353,,0.000466,2
G1430,G1430,,0.000466,2
G1518,G1518,,0.000466,2
G1722,G1722,,0.00035,2
G2028,G2028,,0.000188,16
G443,G443,,0.000815,17
G1037,G1037,,0.000383,9
G1068,G1068,,0.000324,17
G1141,G1141,,0.000324,17
G1327,G1327,,0.000987,17
G1361,G1361,,0.000987,17
G1782,G1782,,0.000633,12
G1903,G1903,,0.000202,12
G1905,G1905,,0.000202,12
G1931,G1931,,0.000275,9
G1619,G1619,,0.000241,7
G278,G278,,0.00038,16
G301,G301,,0.000534,16
G995,G995,,0.000515,16
G996,G996,,0.000805,16
G1102,G1102,,0.000557,16
G279,G279,,0.000288,9
G280,G280,,0.000279,9
G404,G404,,0.000629,9
G1499,G1499,,0.000629,9
G827,G827,,0.000182,9
G282,G282,,0.00017,12
G283,G283,,0.000407,12
G298,G298,,0.000269,12
G331,G331,,0.000511,4
G1672,G1672,,0.000477,4
G286,G286,,0.000266,7
G287,G287,,0.000266,7
G1169,G1169,,0.0006,9
G1295,G1295,,0.000437,9
G1894,G1894,,0.000419,16
G1900,G1900,,0.000747,16
G1977,G1977,,0.00027,16
G694,G694,,0.000127,16
G1276,G1276,,0.000499,13
G1346,G1346,,0.000237,13
G1364,G1364,,0.000305,13
G1964,G1964,,0.000226,12
G2046,G2046,,0.000226,12
G290,G290,,0.001031,14
G291,G291,,0.00042,14
G357,G357,,0.000515,14
G623,G623,,0.000706,14
G669,G669,,0.00027,14
G2255,G2255,,0.00024,14
G2273,G2273,,0.000151,14
G2274,G2274,,0.000151,14
G687,G687,,0.000182,14
G1386,G1386,,0.000233,2
G1325,G1325,,0.000752,12
G1603,G1603,,0.001221,9
G383,G383,,0.000453,17
G1700,G1700,,0.00066,17
G1519,G1519,,0.000128,16
G1593,G1593,,0.000128,16
G303,G303,,0.000758,15
G304,G304,,0.00076,15
G333,G333,,0.000759,15
G370,G370,,0.000603,15
G387,G387,,0.000603,15
G419,G419,,0.000639,15
G429,G429,,0.00073,15
G452,G452,,0.000603,15
G493,G493,,0.000597,15
G494,G494,,0.000603,15
G511,G511,,0.000446,15
G520,G520,,0.000492,15
G691,G691,,0.000708,15
G1005,G1005,,0.000927,15
G1504,G1504,,0.000603,15
G1515,G1515,,0.000603,15
G1516,G1516,,0.000603,15
G1517,G1517,,0.000675,15
G1649,G1649,,0.000552,15
G1809,G1809,,0.000552,15
G1069,G1069,,0.000227,15
G1716,G1716,,0.000373,10
G305,G305,,0.00051,17
G1390,G1390,,0.000837,17
G1933,G1933,,0.000139,17
G1934,G1934,,0.000139,17
G868,G868,,0.000288,8
G1337,G1337,,0.001016,17
G737,G737,,0.000197,0
G844,G844,,0.000159,8
G791,G791,,0.000201,14
G1710,G1710,,0.000189,1
G1403,G1403,,0.000639,17
G1776,G1776,,0.000374,9
G1780,G1780,,0.000374,9
G2051,G2051,,0.000185,17
G325,G325,,0.000677,17
G326,G326,,0.000493,17
G1182,G1182,,0.000677,17
G1188,G1188,,0.000493,17
G1553,G1553,,0.000431,17
G396,G396,,0.000532,9
G1009,G1009,,0.000509,12
G1044,G1044,,0.000459,16
G1052,G1052,,0.000291,5
G1076,G1076,,0.000169,5
G1123,G1123,,0.000464,5
G1206,G1206,,0.000248,5
G1236,G1236,,0.000169,5
G1258,G1258,,0.000212,5
G1285,G1285,,0.000243,11
G1393,G1393,,0.000947,12
G1474,G1474,,0.000274,11
G1788,G1788,,0.000117,5
G1862,G1862,,0.000117,5
G825,G825,,0.000188,2
G839,G839,,0.000158,5
G365,G365,,0.000315,16
G427,G427,,0.000453,5
G434,G434,,0.000573,8
G498,G498,,0.000391,7
G540,G540,,0.000445,12
G860,G860,,0.000383,12
G1004,G1004,,0.001015,15
G1008,G1008,,0.000455,12
G1029,G1029,,0.000115,5
G1064,G1064,,0.000177,5
G1080,G1080,,0.000261,5
G1094,G1094,,0.000265,18
G1127,G1127,,0.000375,8
G1180,G1180,,0.000369,9
G1237,G1237,,0.000264,5
G1282,G1282,,0.000292,11
G1311,G1311,,0.000724,8
G1339,G1339,,0.000115,5
G1344,G1344,,0.000177,5
G1378,G1378,,0.000115,5
G1409,G1409,,0.000115,5
G1450,G1450,,0.000115,5
G1468,G1468,,0.000465,12
G1500,G1500,,0.000264,19
G1511,G1511,,0.000198,17
G1534,G1534,,0.0002,16
G1552,G1552,,0.000115,5
G1585,G1585,,0.000115,5
G1596,G1596,,0.000115,5
G1616,G1616,,0.000191,5
G1661,G1661,,0.000115,5
G1667,G1667,,0.000192,5
G1779,G1779,,0.000115,5
G1784,G1784,,0.000115,5
G1854,G1854,,0.000115,5
G1882,G1882,,0.000217,12
G1625,G1625,,0.00008,3
G324,G324,,0.000433,7
G1018,G1018,,0.000405,17
G1019,G1019,,0.000405,17
G1543,G1543,,0.000514,17
G1610,G1610,,0.000577,17
G1613,G1613,,0.000331,17
G1891,G1891,,0.000179,17
G1991,G1991,,0.00029,17
G327,G327,,0.000559,14
G358,G358,,0.00043,14
G398,G398,,0.00043,14
G440,G440,,0.000445,10
G446,G446,,0.00043,14
G710,G710,,0.000373,14
G490,G490,,0.000326,14
G812,G812,,0.000115,14
G2219,G2219,,0.000654,1
G332,G332,,0.000092,15
G824,G824,,0.000614,19
G340,G340,,0.000206,8
G341,G341,,0.001684,8
G360,G360,,0.000407,8
G648,G648,,0.000407,8
G2277,G2277,,0.000206,8
G2278,G2278,,0.000206,8
G2279,G2279,,0.000206,8
G2299,G2299,,0.000206,8
G2304,G2304,,0.000206,8
G730,G730,,0.000291,12
G814,G814,,0.000269,10
G568,G568,,0.000107,4
G646,G646,,0.000107,4
G740,G740,,0.000107,4
G773,G773,,0.000181,4
G849,G849,,0.000107,4
G345,G345,,0.00052,7
G346,G346,,0.000738,7
G363,G363,,0.000387,7
G380,G380,,0.000624,7
G501,G501,,0.000643,7
G593,G593,,0.000437,7
G1092,G1092,,0.000364,7
G1846,G1846,,0.000142,7
G347,G347,,0.000382,8
G348,G348,,0.000171,8
G948,G948,,0.000522,8
G467,G467,,0.000477,2
G684,G684,,0.000259,2
G1631,G1631,,0.00017,9
G1639,G1639,,0.00017,9
G1770,G1770,,0.000227,16
G1787,G1787,,0.000227,16
G765,G765,,0.000436,16
G774,G774,,0.000105,16
G785,G785,,0.000521,12
G355,G355,,0.000225,6
G356,G356,,0.000381,6
G361,G361,,0.000236,8
G1570,G1570,,0.000207,8
G755,G755,,0.000612,7
G900,G900,,0.000717,12
G1283,G1283,,0.000694,12
G1352,G1352,,0.00055,12
G1896,G1896,,0.000267,17
G503,G503,,0.000248,16
G956,G956,,0.000783,16
G978,G978,,0.000568,5
G1071,G1071,,0.000524,5
G1366,G1366,,0.000342,5
G1392,G1392,,0.000342,5
G1724,G1724,,0.00056,17
G1725,G1725,,0.00056,17
G1895,G1895,,0.000402,5
G1922,G1922,,0.000402,5
G857,G857,,0.000091,0
G1551,G1551,,0.000501,8
G1777,G1777,,0.000238,4
G2111,G2111,,0.000221,8
G2115,G2115,,0.000126,8
G2117,G2117,,0.000126,8
G2122,G2122,,0.000451,11
G2125,G2125,,0.000482,8
G2129,G2129,,0.000126,8
G377,G377,,0.000417,12
G378,G378,,0.000181,12
G1395,G1395,,0.000181,12
G389,G389,,0.000351,19
G390,G390,,0.000489,19
G588,G588,,0.000351,19
G620,G620,,0.000601,19
G392,G392,,0.000292,19
G411,G411,,0.000455,19
G412,G412,,0.000604,19
G693,G693,,0.000256,19
G728,G728,,0.000213,19
G1252,G1252,,0.000746,19
G1542,G1542,,0.000449,19
G1618,G1618,,0.000383,19
G1664,G1664,,0.000197,19
G1885,G1885,,0.000133,19
G1718,G1718,,0.000187,19
G1907,G1907,,0.000476,17
G1491,G1491,,0.000891,9
G1590,G1590,,0.000158,9
G431,G431,,0.001009,18
G1993,G1993,,0.000233,9
G1013,G1013,,0.000442,5
G1761,G1761,,0.000314,5
G403,G403,,0.000309,9
G1423,G1423,,0.0004,9
G1464,G1464,,0.0004,9
G1424,G1424,,0.000277,9
G1726,G1726,,0.000274,12
G1845,G1845,,0.000274,12
G821,G821,,0.000438,11
G1822,G1822,,0.000137,10
G409,G409,,0.000285,17
G457,G457,,0.000559,17
G843,G843,,0.000108,17
G546,G546,,0.000314,16
G567,G567,,0.000537,17
G875,G875,,0.000344,12
G1476,G1476,,0.000426,10
G1727,G1727,,0.000217,16
G833,G833,,0.00059,19
G1935,G1935,,0.000174,17
G2104,G2104,,0.000436,11
G2258,G2258,,0.000412,11
G442,G442,,0.000197,17
G743,G743,,0.000242,17
G1061,G1061,,0.000458,17
G1592,G1592,,0.000197,17
G1617,G1617,,0.000197,17
G815,G815,,0.000394,10
G1083,G1083,,0.000225,17
G1084,G1084,,0.000571,17
G1093,G1093,,0.000225,17
G1097,G1097,,0.000225,17
G1098,G1098,,0.000225,17
G1523,G1523,,0.000249,1
G1978,G1978,,0.000163,9
G2083,G2083,,0.000334,15
G430,G430,,0.000537,18
G1274,G1274,,0.000982,9
G426,G426,,0.000159,5
G1363,G1363,,0.000515,5
G1299,G1299,,0.000255,2
G1620,G1620,,0.000197,8
G618,G618,,0.000223,16
G1088,G1088,,0.000213,18
G1095,G1095,,0.000213,18
G1278,G1278,,0.000482,18
G795,G795,,0.000108,18
G1022,G1022,,0.000359,16
G1023,G1023,,0.000359,16
G1087,G1087,,0.000524,18
G1239,G1239,,0.00031,16
G1310,G1310,,0.00031,16
G1712,G1712,,0.000454,18
G1740,G1740,,0.000454,18
G638,G638,,0.000152,17
G650,G650,,0.00018,5
G1926,G1926,,0.00018,5
G433,G433,,0.005072,8
G717,G717,,0.000451,8
G929,G929,,0.000419,8
G989,G989,,0.000372,11
G1021,G1021,,0.000246,8
G1145,G1145,,0.000367,8
G1172,G1172,,0.000967,8
G1486,G1486,,0.000294,8
G1487,G1487,,0.000369,8
G1535,G1535,,0.000417,19
G1754,G1754,,0.000244,2
G1798,G1798,,0.000392,2
G1816,G1816,,0.000412,8
G2170,G2170,,0.000139,8
G2171,G2171,,0.000139,8
G2196,G2196,,0.000237,8
G2207,G2207,,0.000366,8
G2221,G2221,,0.000358,8
G2222,G2222,,0.000222,8
G2223,G2223,,0.000299,8
G2226,G2226,,0.000203,8
G2242,G2242,,0.000594,8
G2267,G2267,,0.000361,8
G2282,G2282,,0.000216,8
G2283,G2283,,0.000216,8
G2306,G2306,,0.000237,8
G2307,G2307,,0.000276,8
G2312,G2312,,0.000276,8
G2316,G2316,,0.00022,19
G2342,G2342,,0.000212,8
G2343,G2343,,0.000212,8
G2346,G2346,,0.000139,8
G2347,G2347,,0.000139,8
G2348,G2348,,0.000139,8
G2349,G2349,,0.000139,8
G2350,G2350,,0.000139,8
G2351,G2351,,0.000139,8
G2352,G2352,,0.000139,8
G2353,G2353,,0.000139,8
G2354,G2354,,0.000139,8
G2355,G2355,,0.000139,8
G2356,G2356,,0.000269,8
G2357,G2357,,0.000139,8
G2358,G2358,,0.000139,8
G2167,G2167,,0.001993,8
G2205,G2205,,0.000452,8
G2243,G2243,,0.000405,8
G436,G436,,0.000455,8
G1039,G1039,,0.000303,8
G1075,G1075,,0.000192,8
G876,G876,,0.000339,2
G438,G438,,0.000318,2
G523,G523,,0.000318,2
G1645,G1645,,0.000453,2
G441,G441,,0.000337,10
G506,G506,,0.000415,10
G1421,G1421,,0.000451,10
G497,G497,,0.000225,8
G447,G447,,0.000668,17
G1606,G1606,,0.000139,17
G1665,G1665,,0.000734,12
G1668,G1668,,0.000475,18
G1855,G1855,,0.000475,18
G2050,G2050,,0.000397,17
G899,G899,,0.000412,18
G1607,G1607,,0.000668,17
G1913,G1913,,0.00077,17
G2154,G2154,,0.000156,17
G2280,G2280,,0.000156,17
G525,G525,,0.000274,11
G1149,G1149,,0.000137,11
G1332,G1332,,0.000414,11
G1368,G1368,,0.000232,11
G1591,G1591,,0.000137,11
G1814,G1814,,0.000137,11
G1867,G1867,,0.000137,11
G1869,G1869,,0.000137,11
G2146,G2146,,0.000398,11
G458,G458,,0.000468,17
G459,G459,,0.000463,17
G557,G557,,0.000312,17
G1106,G1106,,0.000366,17
G1153,G1153,,0.000462,17
G1374,G1374,,0.000312,17
G1797,G1797,,0.000462,17
G2033,G2033,,0.000119,17
G676,G676,,0.000115,16
G677,G677,,0.000212,16
G771,G771,,0.000246,0
G1410,G1410,,0.000094,2
G625,G625,,0.000147,16
G1506,G1506,,0.000384,16
G1943,G1943,,0.000191,16
G1945,G1945,,0.000291,16
G1946,G1946,,0.000191,16
G1329,G1329,,0.000532,17
G1987,G1987,,0.000143,17
G2013,G2013,,0.000143,17
G2060,G2060,,0.000143,17
G591,G591,,0.000371,17
G1284,G1284,,0.000251,17
G1382,G1382,,0.000295,17
G1629,G1629,,0.000188,17
G1910,G1910,,0.000295,17
G1912,G1912,,0.000295,17
G1915,G1915,,0.000295,17
G475,G475,,0.000279,7
G2189,G2189,,0.000176,7
G656,G656,,0.000329,8
G657,G657,,0.000492,8
G784,G784,,0.000283,8
G2066,G2066,,0.000349,12
G2094,G2094,,0.000127,8
G2155,G2155,,0.000211,19
G2235,G2235,,0.000127,8
G2237,G2237,,0.000127,8
G2264,G2264,,0.000286,8
G2325,G2325,,0.000127,8
G2332,G2332,,0.000127,8
G480,G480,,0.000229,19
G481,G481,,0.000389,19
G553,G553,,0.00031,19
G1440,G1440,,0.000498,17
G887,G887,,0.000221,3
G1919,G1919,,0.00028,9
G2029,G2029,,0.00028,9
G587,G587,,0.000105,0
G1670,G1670,,0.00013,7
G1830,G1830,,0.000187,12
G1857,G1857,,0.000187,12
G1942,G1942,,0.000427,16
G1968,G1968,,0.000427,16
G1843,G1843,,0.000141,7
G1300,G1300,,0.000254,0
G1796,G1796,,0.000288,17
G1893,G1893,,0.000182,17
G1918,G1918,,0.000139,17
G2056,G2056,,0.000182,17
G1497,G1497,,0.000814,17
G1692,G1692,,0.000721,17
G779,G779,,0.000152,13
G1734,G1734,,0.00025,11
G2333,G2333,,0.000146,11
G1685,G1685,,0.000218,3
G1686,G1686,,0.000218,3
G529,G529,,0.000259,0
G615,G615,,0.000259,0
G1184,G1184,,0.000426,12
G1185,G1185,,0.000371,17
G532,G532,,0.000597,1
G533,G533,,0.000232,1
G2253,G2253,,0.000232,1
G538,G538,,0.000109,12
G1091,G1091,,0.000425,12
G1131,G1131,,0.000354,12
G1652,G1652,,0.000346,17
G1888,G1888,,0.000314,9
G539,G539,,0.000247,12
G1501,G1501,,0.000247,12
G1687,G1687,,0.000773,12
G767,G767,,0.000247,12
G768,G768,,0.000247,12
G776,G776,,0.000213,16
G2179,G2179,,0.000138,16
G2180,G2180,,0.000138,16
G2182,G2182,,0.000138,16
G2368,G2368,,0.000138,16
G578,G578,,0.00037,16
G639,G639,,0.000104,0
G822,G822,,0.000104,0
G2160,G2160,,0.000104,2
G2345,G2345,,0.000104,2
G1614,G1614,,0.00026,0
G1683,G1683,,0.00018,0
G2198,G2198,,0.00018,0
G1115,G1115,,0.000308,19
G1135,G1135,,0.000367,19
G1555,G1555,,0.000186,19
G549,G549,,0.000518,7
G550,G550,,0.00021,7
G604,G604,,0.000774,7
G2101,G2101,,0.000342,7
G551,G551,,0.000344,14
G552,G552,,0.000344,14
G653,G653,,0.000344,14
G1711,G1711,,0.003542,19
G555,G555,,0.000792,1
G556,G556,,0.000337,1
G576,G576,,0.000394,1
G797,G797,,0.000198,1
G1442,G1442,,0.001153,17
G561,G561,,0.00024,12
G634,G634,,0.000307,12
G1707,G1707,,0.000465,12
G1802,G1802,,0.000577,18
G1873,G1873,,0.000465,12
G1898,G1898,,0.000425,12
G1899,G1899,,0.000425,12
G1972,G1972,,0.000427,12
G2190,G2190,,0.000111,12
G2218,G2218,,0.000111,12
G2265,G2265,,0.000111,12
G2268,G2268,,0.000111,12
G2305,G2305,,0.000111,12
G2362,G2362,,0.000153,12
G757,G757,,0.000322,17
G764,G764,,0.00047,17
G1906,G1906,,0.000265,17
G1956,G1956,,0.000265,17
G2031,G2031,,0.000265,17
G2045,G2045,,0.000226,17
G811,G811,,0.000341,16
G1151,G1151,,0.000275,16
G2149,G2149,,0.000295,16
G1673,G1673,,0.000144,17
G729,G729,,0.000189,7
G573,G573,,0.000513,10
G574,G574,,0.000476,7
G1574,G1574,,0.000172,10
G1868,G1868,,0.000483,7
G742,G742,,0.000198,7
G2095,G2095,,0.000221,10
G2096,G2096,,0.000429,10
G2097,G2097,,0.000144,10
G577,G577,,0.000231,1
G885,G885,,0.000126,16
G1632,G1632,,0.000772,4
G1781,G1781,,0.000367,16
G581,G581,,0.000382,2
G582,G582,,0.000443,2
G616,G616,,0.000382,2
G654,G654,,0.000382,2
G673,G673,,0.000382,2
G1811,G1811,,0.00011,10
G1813,G1813,,0.00011,10
G2364,G2364,,0.000122,0
G1399,G1399,,0.000535,17
G592,G592,,0.000159,12
G595,G595,,0.000195,16
G1240,G1240,,0.000675,16
G1979,G1979,,0.000241,16
G1980,G1980,,0.00023,16
G1981,G1981,,0.00023,16
G1117,G1117,,0.000428,12
G602,G602,,0.000291,16
G603,G603,,0.000291,16
G2202,G2202,,0.000583,7
G2161,G2161,,0.000175,1
G1923,G1923,,0.000244,0
G619,G619,,0.000191,19
G2240,G2240,,0.000191,19
G622,G622,,0.000345,11
G1490,G1490,,0.000167,11
G1833,G1833,,0.00021,11
G747,G747,,0.000222,14
G1455,G1455,,0.000839,14
G630,G630,,0.000379,19
G631,G631,,0.00059,19
G633,G633,,0.000224,19
G772,G772,,0.000337,19
G781,G781,,0.000423,19
G810,G810,,0.000624,19
G2292,G2292,,0.00015,12
G836,G836,,0.000233,2
G712,G712,,0.000229,2
G861,G861,,0.00014,8
G2106,G2106,,0.001322,8
G2193,G2193,,0.00045,8
G2261,G2261,,0.000277,8
G787,G787,,0.000236,8
G2081,G2081,,0.000123,0
G1950,G1950,,0.000164,12
G1974,G1974,,0.000164,12
G2113,G2113,,0.000206,8
G660,G660,,0.00037,11
G661,G661,,0.00037,11
G909,G909,,0.001211,11
G1314,G1314,,0.000638,11
G803,G803,,0.000094,5
G715,G715,,0.000239,0
G1594,G1594,,0.000172,0
G665,G665,,0.000334,19
G666,G666,,0.00029,19
G859,G859,,0.000348,19
G748,G748,,0.000159,9
G1762,G1762,,0.000272,14
G722,G722,,0.00015,3
G1939,G1939,,0.000409,17
G690,G690,,0.000185,19
G727,G727,,0.000266,19
G789,G789,,0.000185,19
G1376,G1376,,0.000374,19
G1864,G1864,,0.000185,19
G1866,G1866,,0.000185,19
G1170,G1170,,0.000155,8
G837,G837,,0.00014,7
G840,G840,,0.00014,7
G2288,G2288,,0.00014,7
G706,G706,,0.000208,17
G2339,G2339,,0.000091,15
G1002,G1002,,0.000161,2
G713,G713,,0.000197,12
G714,G714,,0.000315,12
G718,G718,,0.000373,8
G778,G778,,0.000219,8
G726,G726,,0.000144,4
G1756,G1756,,0.000144,4
G1861,G1861,,0.000112,0
G735,G735,,0.000111,2
G746,G746,,0.000431,8
G2229,G2229,,0.000187,8
G2291,G2291,,0.000132,8
G819,G819,,0.000214,8
G820,G820,,0.000367,8
G751,G751,,0.000346,19
G752,G752,,0.00022,19
G753,G753,,0.000178,11
G754,G754,,0.000404,11
G2114,G2114,,0.000167,7
G2168,G2168,,0.000167,7
G2276,G2276,,0.000152,19
G1635,G1635,,0.000444,4
G1773,G1773,,0.000101,17
G897,G897,,0.000642,8
G1315,G1315,,0.000317,1
G1453,G1453,,0.000317,1
G1475,G1475,,0.000149,1
G1528,G1528,,0.000149,1
G1753,G1753,,0.000149,1
G1755,G1755,,0.000149,1
G1763,G1763,,0.000149,1
G1767,G1767,,0.000149,1
G1799,G1799,,0.000149,1
G1807,G1807,,0.000149,1
G1949,G1949,,0.000384,16
G816,G816,,0.000562,8
G817,G817,,0.000342,8
G1226,G1226,,0.000481,8
G1228,G1228,,0.000289,8
G1728,G1728,,0.000116,0
G782,G782,,0.000302,19
G783,G783,,0.000183,8
G834,G834,,0.000126,12
G2211,G2211,,0.000126,12
G880,G880,,0.000371,14
G792,G792,,0.000375,9
G793,G793,,0.000127,9
G853,G853,,0.000273,9
G1160,G1160,,0.000248,16
G818,G818,,0.000155,0
G1349,G1349,,0.000099,9
G804,G804,,0.000233,11
G805,G805,,0.0004,11
G973,G973,,0.000327,11
G809,G809,,0.000196,19
G842,G842,,0.000196,19
G1190,G1190,,0.000363,19
G2238,G2238,,0.00016,16
G2078,G2078,,0.000139,10
G1179,G1179,,0.00021,8
G2093,G2093,,0.000334,8
G1369,G1369,,0.000333,11
G1825,G1825,,0.000138,11
G1306,G1306,,0.000138,19
G2199,G2199,,0.000205,19
G2247,G2247,,0.000316,19
G2236,G2236,,0.000118,13
G2289,G2289,,0.000135,19
G2290,G2290,,0.000135,19
G1680,G1680,,0.000162,2
G2308,G2308,,0.000367,8
G846,G846,,0.000134,8
G992,G992,,0.000283,13
G1559,G1559,,0.000234,13
G1586,G1586,,0.000234,13
G1621,G1621,,0.000234,13
G1644,G1644,,0.000234,13
G1947,G1947,,0.000312,12
G863,G863,,0.000248,3
G1879,G1879,,0.000625,16
G873,G873,,0.000145,8
G870,G870,,0.000224,19
G1723,G1723,,0.000409,12
G1841,G1841,,0.000409,12
G877,G877,,0.000207,2
G881,G881,,0.000168,14
G1952,G1952,,0.000294,12
G1953,G1953,,0.000105,12
G1955,G1955,,0.0003,12
G1986,G1986,,0.000294,12
G1988,G1988,,0.000294,12
G1995,G1995,,0.000294,12
G2011,G2011,,0.0003,12
G2367,G2367,,0.000126,3
G904,G904,,0.000304,11
G890,G890,,0.000563,11
G891,G891,,0.000353,11
G970,G970,,0.000505,11
G1365,G1365,,0.000265,11
G906,G906,,0.001463,15
G1006,G1006,,0.000349,4
G894,G894,,0.000969,11
G895,G895,,0.000228,11
G911,G911,,0.000228,11
G1137,G1137,,0.000228,11
G1268,G1268,,0.00077,11
G1747,G1747,,0.000228,11
G896,G896,,0.000399,5
G1721,G1721,,0.000176,5
G950,G950,,0.000172,8
G1791,G1791,,0.000172,8
G898,G898,,0.000133,18
G901,G901,,0.00011,12
G2021,G2021,,0.000296,12
G2025,G2025,,0.000296,12
G1405,G1405,,0.00014,5
G1407,G1407,,0.00014,5
G1514,G1514,,0.00014,5
G1630,G1630,,0.00014,5
G1666,G1666,,0.00014,5
G907,G907,,0.000176,15
G972,G972,,0.00036,15
G1181,G1181,,0.000176,15
G1231,G1231,,0.000176,15
G1429,G1429,,0.000176,15
G1431,G1431,,0.000284,15
G1434,G1434,,0.000176,15
G1805,G1805,,0.000176,15
G1839,G1839,,0.000176,15
G1444,G1444,,0.000302,11
G1512,G1512,,0.000159,11
G910,G910,,0.000374,11
G931,G931,,0.000529,11
G1024,G1024,,0.000157,11
G1040,G1040,,0.000157,11
G1654,G1654,,0.000157,11
G1580,G1580,,0.000247,11
G1079,G1079,,0.000553,11
G930,G930,,0.000152,8
G1457,G1457,,0.000176,11
G2361,G2361,,0.000176,11
G945,G945,,0.000294,9
G946,G946,,0.000294,9
G1720,G1720,,0.000249,9
G947,G947,,0.000174,8
G952,G952,,0.000349,8
G1682,G1682,,0.000415,8
G957,G957,,0.000158,16
G1334,G1334,,0.000158,16
G1401,G1401,,0.000158,16
G961,G961,,0.000251,12
G2192,G2192,,0.00017,12
G1047,G1047,,0.000106,12
G1709,G1709,,0.000171,11
G986,G986,,0.000216,15
G1338,G1338,,0.000141,11
G1340,G1340,,0.000141,11
G1539,G1539,,0.000141,11
G1529,G1529,,0.00041,5
G1530,G1530,,0.00041,5
G981,G981,,0.000188,11
G982,G982,,0.001028,11
G1074,G1074,,0.000188,11
G1100,G1100,,0.000407,9
G1209,G1209,,0.000629,11
G1451,G1451,,0.000188,11
G1736,G1736,,0.000188,11
G1842,G1842,,0.000316,11
G983,G983,,0.000148,2
G1768,G1768,,0.000107,3
G1394,G1394,,0.000377,11
G990,G990,,0.000292,11
G1925,G1925,,0.000118,16
G1983,G1983,,0.000344,16
G1984,G1984,,0.000255,16
G2019,G2019,,0.000344,16
G2037,G2037,,0.000344,16
G1908,G1908,,0.000378,16
G1055,G1055,,0.000955,11
G1142,G1142,,0.000186,15
G1263,G1263,,0.000361,15
G1541,G1541,,0.000186,15
G1581,G1581,,0.000186,15
G1829,G1829,,0.000186,15
G1373,G1373,,0.000176,15
G1633,G1633,,0.000176,15
G1634,G1634,,0.000176,15
G1865,G1865,,0.000176,15
G1871,G1871,,0.000137,4
G1048,G1048,,0.000185,17
G1463,G1463,,0.000351,4
G2065,G2065,,0.00016,12
G1014,G1014,,0.000172,9
G1015,G1015,,0.000256,9
G1406,G1406,,0.000234,12
G1020,G1020,,0.000251,8
G1322,G1322,,0.000314,17
G1166,G1166,,0.000272,17
G1167,G1167,,0.000272,17
G1175,G1175,,0.000272,17
G1681,G1681,,0.000153,17
G1808,G1808,,0.000153,17
G1350,G1350,,0.000403,11
G1658,G1658,,0.00023,11
G1850,G1850,,0.000189,11
G1572,G1572,,0.000138,4
G1653,G1653,,0.000343,17
G1890,G1890,,0.000341,17
G1951,G1951,,0.000341,17
G2032,G2032,,0.000186,17
G2038,G2038,,0.000102,17
G2058,G2058,,0.000102,17
G2072,G2072,,0.000102,17
G1046,G1046,,0.000523,11
G1532,G1532,,0.000211,11
G1877,G1877,,0.000211,11
G1054,G1054,,0.000225,11
G1196,G1196,,0.000225,11
G1296,G1296,,0.000225,11
G1458,G1458,,0.000225,11
G1105,G1105,,0.000119,17
G1484,G1484,,0.000119,17
G1219,G1219,,0.000261,17
G2073,G2073,,0.000128,17
G2100,G2100,,0.000128,17
G1416,G1416,,0.000283,9
G1466,G1466,,0.000283,9
G1502,G1502,,0.000283,9
G2175,G2175,,0.000245,19
G1070,G1070,,0.00016,15
G2284,G2284,,0.000246,5
G1078,G1078,,0.000271,11
G1171,G1171,,0.00033,11
G1207,G1207,,0.000247,11
G1324,G1324,,0.000341,11
G1081,G1081,,0.000137,5
G1970,G1970,,0.000565,17
G1996,G1996,,0.00018,18
G2012,G2012,,0.00018,18
G1086,G1086,,0.000172,12
G1713,G1713,,0.000299,18
G1828,G1828,,0.000299,18
G1998,G1998,,0.000209,18
G1746,G1746,,0.000344,7
G1627,G1627,,0.000462,9
G2044,G2044,,0.000076,3
G1107,G1107,,0.000229,9
G1108,G1108,,0.000277,9
G1111,G1111,,0.000601,12
G1112,G1112,,0.000577,12
G1113,G1113,,0.000601,12
G1291,G1291,,0.000351,12
G1678,G1678,,0.000174,12
G1679,G1679,,0.000479,12
G1804,G1804,,0.000261,12
G1847,G1847,,0.000174,12
G1827,G1827,,0.000156,12
G1298,G1298,,0.00025,5
G1132,G1132,,0.000384,15
G1133,G1133,,0.00028,15
G1139,G1139,,0.000506,15
G1134,G1134,,0.000427,19
G1473,G1473,,0.000245,19
G1146,G1146,,0.000367,8
G1355,G1355,,0.00018,16
G1589,G1589,,0.000133,16
G1881,G1881,,0.000267,16
G1470,G1470,,0.000178,15
G1165,G1165,,0.000286,17
G1191,G1191,,0.000138,8
G2244,G2244,,0.000272,8
G1656,G1656,,0.000524,13
G1304,G1304,,0.000209,9
G1744,G1744,,0.000332,17
G1513,G1513,,0.000138,4
G1752,G1752,,0.000138,4
G1834,G1834,,0.000409,17
G1189,G1189,,0.000234,19
G1326,G1326,,0.000228,12
G1396,G1396,,0.000228,12
G1927,G1927,,0.000262,12
G1930,G1930,,0.000262,12
G2004,G2004,,0.000533,17
G1940,G1940,,0.000205,17
G1967,G1967,,0.000205,17
G1990,G1990,,0.00022,17
G2027,G2027,,0.00022,17
G2034,G2034,,0.000205,17
G2040,G2040,,0.000205,17
G1199,G1199,,0.000296,12
G1223,G1223,,0.000214,12
G1200,G1200,,0.000163,11
G1204,G1204,,0.000336,7
G1359,G1359,,0.000502,11
G1471,G1471,,0.000197,11
G1211,G1211,,0.000143,12
G1212,G1212,,0.000374,12
G1217,G1217,,0.000254,17
G1218,G1218,,0.000203,17
G1220,G1220,,0.000137,17
G1824,G1824,,0.000445,17
G2228,G2228,,0.000102,17
G1465,G1465,,0.000153,11
G1507,G1507,,0.000153,11
G1595,G1595,,0.000208,11
G1609,G1609,,0.000153,11
G1646,G1646,,0.000153,11
G1688,G1688,,0.000153,11
G1719,G1719,,0.000153,11
G1739,G1739,,0.000153,11
G1785,G1785,,0.000153,11
G1810,G1810,,0.000153,11
G1818,G1818,,0.000153,11
G1840,G1840,,0.000153,11
G2181,G2181,,0.000145,8
G1848,G1848,,0.000186,8
G1402,G1402,,0.000175,5
G1738,G1738,,0.000176,19
G2176,G2176,,0.000196,19
G1259,G1259,,0.000275,12
G1272,G1272,,0.00041,15
G1875,G1875,,0.000443,17
G1936,G1936,,0.000336,17
G2026,G2026,,0.000336,17
G1963,G1963,,0.000108,17
G2053,G2053,,0.000108,17
G2070,G2070,,0.000108,17
G1269,G1269,,0.00024,11
G1370,G1370,,0.000388,11
G1270,G1270,,0.000176,8
G2173,G2173,,0.000176,8
G2241,G2241,,0.000176,8
G1388,G1388,,0.000456,15
G1731,G1731,,0.000169,9
G1749,G1749,,0.000169,9
G1758,G1758,,0.000169,9
G1886,G1886,,0.000169,9
G1911,G1911,,0.000115,9
G2087,G2087,,0.000108,17
G2099,G2099,,0.000108,17
G2016,G2016,,0.000122,18
G1280,G1280,,0.000432,12
G1281,G1281,,0.000165,18
G1380,G1380,,0.000191,6
G1288,G1288,,0.000104,17
G1290,G1290,,0.000113,12
G1308,G1308,,0.000135,2
G1884,G1884,,0.000171,0
G1699,G1699,,0.000165,12
G1853,G1853,,0.000245,12
G1914,G1914,,0.000203,12
G1966,G1966,,0.000203,12
G1313,G1313,,0.000112,16
G1999,G1999,,0.000112,16
G1859,G1859,,0.000172,11
G2152,G2152,,0.000353,11
G1448,G1448,,0.000198,1
G1328,G1328,,0.000231,17
G1330,G1330,,0.000139,17
G1341,G1341,,0.000139,17
G1357,G1357,,0.000139,17
G1371,G1371,,0.000104,17
G1333,G1333,,0.000151,11
G1526,G1526,,0.000233,17
G1562,G1562,,0.000233,17
G1342,G1342,,0.00019,8
G1343,G1343,,0.000298,8
G1351,G1351,,0.000177,11
G1358,G1358,,0.000206,11
G1362,G1362,,0.000209,5
G1642,G1642,,0.000209,5
G1367,G1367,,0.000248,12
G1729,G1729,,0.000264,5
G1372,G1372,,0.000228,11
G1557,G1557,,0.000222,19
G1381,G1381,,0.000126,17
G1384,G1384,,0.00025,12
G1566,G1566,,0.00025,12
G1385,G1385,,0.000162,2
G1389,G1389,,0.000257,15
G1626,G1626,,0.000269,17
G1640,G1640,,0.000105,17
G1641,G1641,,0.000105,17
G1971,G1971,,0.000113,12
G1973,G1973,,0.000113,12
G1976,G1976,,0.000113,12
G2212,G2212,,0.000224,11
G1400,G1400,,0.000109,17
G1404,G1404,,0.000124,17
G1456,G1456,,0.000124,17
G1485,G1485,,0.000124,17
G1522,G1522,,0.000102,12
G1997,G1997,,0.000116,9
G2041,G2041,,0.000116,9
G2042,G2042,,0.000116,9
G2071,G2071,,0.000116,9
G1962,G1962,,0.000146,17
G1422,G1422,,0.00014,10
G1428,G1428,,0.00016,17
G1461,G1461,,0.00016,17
G1432,G1432,,0.00056,17
G1433,G1433,,0.000182,17
G1508,G1508,,0.000182,17
G1436,G1436,,0.000192,11
G2157,G2157,,0.000781,8
G1960,G1960,,0.000637,17
G2147,G2147,,0.000268,17
G2148,G2148,,0.000118,17
G2271,G2271,,0.000118,17
G2250,G2250,,0.000101,9
G1452,G1452,,0.000198,1
G1662,G1662,,0.000322,14
G2257,G2257,,0.000152,14
G1462,G1462,,0.000256,4
G1509,G1509,,0.000264,4
G1525,G1525,,0.000117,17
G2017,G2017,,0.000136,12
G1492,G1492,,0.000117,9
G2023,G2023,,0.000159,9
G1817,G1817,,0.000104,3
G1994,G1994,,0.000335,17
G1536,G1536,,0.000152,19
G1932,G1932,,0.000293,17
G1545,G1545,,0.000372,18
G1546,G1546,,0.000306,18
G1569,G1569,,0.000306,18
G1803,G1803,,0.000367,18
G1863,G1863,,0.000367,18
G1548,G1548,,0.000206,7
G2144,G2144,,0.000368,8
G2145,G2145,,0.000368,8
G1742,G1742,,0.000199,12
G1759,G1759,,0.000199,12
G1766,G1766,,0.000199,12
G1783,G1783,,0.000203,12
G1837,G1837,,0.000199,12
G2263,G2263,,0.000114,12
G1564,G1564,,0.000109,12
G1567,G1567,,0.000385,10
G1568,G1568,,0.000227,10
G2213,G2213,,0.000304,10
G1775,G1775,,0.000244,9
G1598,G1598,,0.000358,17
G1599,G1599,,0.000358,17
G1600,G1600,,0.000358,17
G1601,G1601,,0.000373,17
G1602,G1602,,0.000358,17
G1969,G1969,,0.000129,17
G2067,G2067,,0.000129,17
G2008,G2008,,0.000307,17
G1604,G1604,,0.000105,9
G1732,G1732,,0.000095,5
G2311,G2311,,0.000194,11
G2187,G2187,,0.000321,4
G2370,G2370,,0.000157,4
G2371,G2371,,0.000157,4
G1636,G1636,,0.000157,4
G1876,G1876,,0.000157,4
G2123,G2123,,0.000118,13
G1663,G1663,,0.0002,14
G2057,G2057,,0.000105,12
G1985,G1985,,0.00008,3
G2052,G2052,,0.00008,3
G2030,G2030,,0.000241,12
G2069,G2069,,0.000105,12
G1858,G1858,,0.00024,8
G1684,G1684,,0.000156,3
G1786,G1786,,0.000156,3
G2022,G2022,,0.000114,12
G1789,G1789,,0.000108,12
G1961,G1961,,0.000108,12
G2003,G2003,,0.000108,12
G1701,G1701,,0.000114,17
G1703,G1703,,0.000108,12
G2112,G2112,,0.000145,19
G2139,G2139,,0.000145,19
G2295,G2295,,0.000212,19
G2313,G2313,,0.000145,19
G2314,G2314,,0.000145,19
G2315,G2315,,0.000145,19
G2317,G2317,,0.000145,19
G2318,G2318,,0.000145,19
G2319,G2319,,0.000145,19
G2320,G2320,,0.000145,19
G2321,G2321,,0.000145,19
G2322,G2322,,0.000145,19
G2328,G2328,,0.000145,19
G2331,G2331,,0.000247,7
G2334,G2334,,0.000212,19
G1714,G1714,,0.000134,12
G1715,G1715,,0.000335,12
G1730,G1730,,0.000244,11
G1743,G1743,,0.000401,12
G1745,G1745,,0.000209,7
G2365,G2365,,0.000141,16
G1792,G1792,,0.000113,16
G1795,G1795,,0.000124,17
G1800,G1800,,0.000109,15
G1982,G1982,,0.000119,18
G1815,G1815,,0.000151,8
G2372,G2372,,0.000301,11
G2210,G2210,,0.000273,7
G1874,G1874,,0.000126,17
G1937,G1937,,0.00024,17
G1938,G1938,,0.00024,17
G2055,G2055,,0.000198,12
G1897,G1897,,0.000221,12
G2048,G2048,,0.000183,12
G1920,G1920,,0.000182,9
G1921,G1921,,0.000182,9
G1924,G1924,,0.000345,0
G2049,G2049,,0.00021,0
G1941,G1941,,0.000295,17
G1965,G1965,,0.000252,12
G2005,G2005,,0.000229,17
G2006,G2006,,0.000229,17
G2007,G2007,,0.000229,17
G2035,G2035,,0.000153,17
G2036,G2036,,0.000229,17
G2090,G2090,,0.000131,17
G2231,G2231,,0.000131,17
G2076,G2076,,0.000202,8
G2191,G2191,,0.000137,8
G2294,G2294,,0.000137,8
G2303,G2303,,0.000137,8
G2335,G2335,,0.000137,8
G2336,G2336,,0.000137,8
G2337,G2337,,0.000137,8
G2338,G2338,,0.000137,8
G2340,G2340,,0.000137,8
G2341,G2341,,0.000137,8
G2344,G2344,,0.000137,8
G2373,G2373,,0.000137,8
G2085,G2085,,0.000304,8
G2086,G2086,,0.000385,8
G2359,G2359,,0.000227,8
G2088,G2088,,0.000145,8
G2178,G2178,,0.000328,8
G2326,G2326,,0.000328,8
G2092,G2092,,0.000205,8
G2138,G2138,,0.000154,10
G2135,G2135,,0.00013,7
G2360,G2360,,0.00013,7
G2329,G2329,,0.000304,10
G2105,G2105,,0.000156,11
G2374,G2374,,0.000129,8
G2375,G2375,,0.000129,8
G2209,G2209,,0.000301,7
G2142,G2142,,0.000212,7
G2143,G2143,,0.000351,7
G2208,G2208,,0.000631,7
G2183,G2183,,0.000272,8
G2233,G2233,,0.000177,17
G2153,G2153,,0.000213,11
G2158,G2158,,0.000262,8
G2159,G2159,,0.000158,8
G2177,G2177,,0.000158,8
G2293,G2293,,0.000158,8
G2162,G2162,,0.000228,4
G2163,G2163,,0.00058,4
G2188,G2188,,0.00044,4
G2166,G2166,,0.00014,8
G2281,G2281,,0.00014,8
G2286,G2286,,0.00014,8
G2324,G2324,,0.00014,8
G2239,G2239,,0.000345,7
G2323,G2323,,0.000249,8
G2224,G2224,,0.00025,4
G2194,G2194,,0.000377,8
G2266,G2266,,0.000272,8
G2225,G2225,,0.00013,2
G2203,G2203,,0.000228,7
G2204,G2204,,0.000228,7
G2206,G2206,,0.00014,8
G2220,G2220,,0.00039,8
G2246,G2246,,0.000131,19
G2296,G2296,,0.000131,19
G2369,G2369,,0.000131,19
G2249,G2249,,0.000153,7
G2251,G2251,,0.000152,16
G2260,G2260,,0.000366,11
G2285,G2285,,0.000168,5
G2309,G2309,,0.000385,10
G2310,G2310,,0.000227,10
