,grid_id,x,y,visitors
0,176,33.0,1.0,1
1,186,43.0,1.0,1
2,187,44.0,1.0,1
3,190,47.0,1.0,6
6,326,41.0,2.0,4
7,327,42.0,2.0,6
8,328,43.0,2.0,4
9,330,45.0,2.0,6
11,333,48.0,2.0,1
12,335,50.0,2.0,1
13,338,53.0,2.0,6
14,465,38.0,3.0,4
15,469,42.0,3.0,20
16,470,43.0,3.0,6
17,471,44.0,3.0,4
18,472,45.0,3.0,25
19,474,47.0,3.0,2
20,477,50.0,3.0,2
21,478,51.0,3.0,3
22,603,34.0,4.0,1
23,605,36.0,4.0,4
24,610,41.0,4.0,9
25,611,42.0,4.0,3
26,614,45.0,4.0,16
27,616,47.0,4.0,6
28,620,51.0,4.0,7
29,744,33.0,5.0,2
30,748,37.0,5.0,3
31,749,38.0,5.0,1
32,753,42.0,5.0,1
33,755,44.0,5.0,1
34,756,45.0,5.0,4
35,757,46.0,5.0,3
36,758,47.0,5.0,7
37,759,48.0,5.0,2
38,764,53.0,5.0,1
39,1035,40.0,7.0,1
40,1037,42.0,7.0,2
41,1041,46.0,7.0,4
42,1043,48.0,7.0,4
43,1050,55.0,7.0,4
44,1184,47.0,8.0,2
47,1336,57.0,9.0,5
48,1474,53.0,10.0,3
49,1617,54.0,11.0,1
50,1743,38.0,12.0,2
51,1744,39.0,12.0,6
52,1750,45.0,12.0,2
53,1759,54.0,12.0,1
54,1885,38.0,13.0,2
55,1890,43.0,13.0,2
56,1894,47.0,13.0,5
57,1901,54.0,13.0,5
58,1902,55.0,13.0,1
59,2034,45.0,14.0,9
60,2045,56.0,14.0,3
61,2048,59.0,14.0,1
62,2049,60.0,14.0,3
63,2165,34.0,15.0,3
64,2172,41.0,15.0,2
65,2173,42.0,15.0,23
66,2176,45.0,15.0,1
67,2178,47.0,15.0,6
68,2184,53.0,15.0,5
69,2187,56.0,15.0,1
70,2191,60.0,15.0,2
71,2192,61.0,15.0,1
72,2454,39.0,17.0,1
73,2457,42.0,17.0,1
74,2458,43.0,17.0,7
75,2461,46.0,17.0,4
76,2472,57.0,17.0,8
77,2473,58.0,17.0,2
78,2474,59.0,17.0,2
79,2592,35.0,18.0,1
80,2599,42.0,18.0,4
81,2603,46.0,18.0,2
82,2616,59.0,18.0,8
83,2618,61.0,18.0,1
84,2621,64.0,18.0,1
85,2734,35.0,19.0,4
86,2750,51.0,19.0,3
87,2751,52.0,19.0,1
88,2753,54.0,19.0,6
89,2754,55.0,19.0,1
90,2757,58.0,19.0,4
91,2758,59.0,19.0,16
92,2759,60.0,19.0,18
93,2760,61.0,19.0,3
94,2761,62.0,19.0,5
95,2762,63.0,19.0,5
96,2763,64.0,19.0,1
97,2881,40.0,20.0,1
98,2887,46.0,20.0,6
99,2888,47.0,20.0,8
100,2889,48.0,20.0,3
101,2893,52.0,20.0,7
102,2895,54.0,20.0,3
103,2898,57.0,20.0,1
104,2899,58.0,20.0,18
105,2900,59.0,20.0,8
106,2901,60.0,20.0,19
107,2902,61.0,20.0,44
108,2903,62.0,20.0,21
109,2904,63.0,20.0,3
110,2907,66.0,20.0,1
111,3030,47.0,21.0,1
112,3035,52.0,21.0,2
113,3038,55.0,21.0,6
114,3040,57.0,21.0,8
115,3041,58.0,21.0,6
116,3042,59.0,21.0,120
117,3043,60.0,21.0,18
118,3044,61.0,21.0,41
119,3045,62.0,21.0,7
120,3046,63.0,21.0,3
121,3168,43.0,22.0,2
122,3180,55.0,22.0,3
123,3182,57.0,22.0,12
124,3183,58.0,22.0,7
125,3184,59.0,22.0,11
126,3185,60.0,22.0,20
127,3186,61.0,22.0,58
128,3187,62.0,22.0,18
129,3189,64.0,22.0,8
130,3190,65.0,22.0,9
131,3191,66.0,22.0,12
132,3192,67.0,22.0,10
133,3302,35.0,23.0,9
135,3318,51.0,23.0,8
136,3322,55.0,23.0,1
137,3323,56.0,23.0,2
138,3327,60.0,23.0,20
139,3328,61.0,23.0,9
140,3329,62.0,23.0,9
141,3330,63.0,23.0,18
142,3332,65.0,23.0,3
143,3334,67.0,23.0,4
144,3335,68.0,23.0,1
145,3338,71.0,23.0,1
146,3339,72.0,23.0,1
147,3448,39.0,24.0,10
148,3450,41.0,24.0,5
149,3457,48.0,24.0,1
150,3469,60.0,24.0,3
151,3471,62.0,24.0,6
152,3472,63.0,24.0,2
153,3477,68.0,24.0,29
154,3481,72.0,24.0,8
155,3482,73.0,24.0,1
156,3590,39.0,25.0,35
157,3591,40.0,25.0,7
158,3594,43.0,25.0,1
159,3599,48.0,25.0,1
160,3600,49.0,25.0,5
161,3605,54.0,25.0,5
162,3607,56.0,25.0,1
163,3609,58.0,25.0,3
164,3613,62.0,25.0,1
165,3614,63.0,25.0,3
166,3615,64.0,25.0,7
167,3617,66.0,25.0,2
168,3620,69.0,25.0,1
169,3622,71.0,25.0,1
170,3873,38.0,27.0,4
171,3892,57.0,27.0,7
172,3893,58.0,27.0,1
173,3894,59.0,27.0,1
174,3895,60.0,27.0,3
175,3899,64.0,27.0,4
176,3901,66.0,27.0,1
177,3906,71.0,27.0,1
178,4034,57.0,28.0,1
179,4040,63.0,28.0,2
180,4042,65.0,28.0,2
181,4047,70.0,28.0,1
182,4175,56.0,29.0,1
183,4181,62.0,29.0,8
184,4182,63.0,29.0,6
185,4185,66.0,29.0,1
186,4189,70.0,29.0,1
187,4294,33.0,30.0,5
188,4315,54.0,30.0,1
189,4318,57.0,30.0,3
190,4321,60.0,30.0,6
191,4323,62.0,30.0,4
192,4325,64.0,30.0,4
193,4329,68.0,30.0,1
194,4332,71.0,30.0,8
195,4447,44.0,31.0,2
196,4459,56.0,31.0,3
197,4465,62.0,31.0,2
198,4467,64.0,31.0,1
199,4586,41.0,32.0,2
200,4610,65.0,32.0,1
201,4720,33.0,33.0,4
202,4746,59.0,33.0,4
203,4869,40.0,34.0,1
204,4882,53.0,34.0,8
205,4885,56.0,34.0,3
206,4891,62.0,34.0,11
207,4902,73.0,34.0,1
208,5003,32.0,35.0,2
210,5043,72.0,35.0,1
211,5045,74.0,35.0,4
212,5291,36.0,37.0,2
213,5309,54.0,37.0,3
214,5315,60.0,37.0,6
215,5316,61.0,37.0,9
216,5317,62.0,37.0,13
218,5319,64.0,37.0,1
219,5325,70.0,37.0,1
220,5327,72.0,37.0,1
221,5328,73.0,37.0,5
222,5433,36.0,38.0,2
223,5435,38.0,38.0,1
224,5436,39.0,38.0,4
225,5439,42.0,38.0,2
226,5446,49.0,38.0,1
227,5459,62.0,38.0,10
228,5462,65.0,38.0,1
229,5463,66.0,38.0,1
230,5469,72.0,38.0,1
231,5470,73.0,38.0,20
232,5473,76.0,38.0,6
233,5569,30.0,39.0,3
234,5572,33.0,39.0,6
235,5575,36.0,39.0,1
236,5576,37.0,39.0,12
237,5577,38.0,39.0,27
238,5578,39.0,39.0,6
239,5603,64.0,39.0,1
240,5608,69.0,39.0,2
241,5611,72.0,39.0,4
242,5614,75.0,39.0,2
243,5615,76.0,39.0,6
244,5617,78.0,39.0,4
245,5705,24.0,40.0,8
246,5717,36.0,40.0,2
247,5718,37.0,40.0,8
248,5719,38.0,40.0,10
249,5730,49.0,40.0,1
250,5743,62.0,40.0,1
251,5745,64.0,40.0,2
252,5750,69.0,40.0,2
253,5751,70.0,40.0,11
254,5752,71.0,40.0,8
255,5753,72.0,40.0,15
256,5754,73.0,40.0,1
257,5758,77.0,40.0,3
258,5759,78.0,40.0,3
259,5760,79.0,40.0,1
260,5761,80.0,40.0,2
261,5762,81.0,40.0,2
262,5832,9.0,41.0,3
263,5851,28.0,41.0,3
264,5856,33.0,41.0,6
265,5868,45.0,41.0,5
266,5870,47.0,41.0,1
267,5884,61.0,41.0,9
268,5892,69.0,41.0,9
269,5893,70.0,41.0,12
270,5897,74.0,41.0,9
271,5898,75.0,41.0,5
272,5900,77.0,41.0,2
273,5967,2.0,42.0,6
274,5993,28.0,42.0,3
275,6014,49.0,42.0,1
276,6021,56.0,42.0,1
277,6027,62.0,42.0,1
278,6034,69.0,42.0,2
279,6035,70.0,42.0,19
280,6038,73.0,42.0,5
281,6039,74.0,42.0,4
282,6040,75.0,42.0,8
283,6041,76.0,42.0,5
284,6042,77.0,42.0,6
285,6045,80.0,42.0,2
286,6117,10.0,43.0,8
287,6118,11.0,43.0,4
288,6169,62.0,43.0,3
289,6171,64.0,43.0,2
290,6172,65.0,43.0,2
291,6174,67.0,43.0,1
292,6177,70.0,43.0,23
293,6178,71.0,43.0,5
294,6179,72.0,43.0,2
295,6180,73.0,43.0,1
296,6182,75.0,43.0,7
297,6183,76.0,43.0,18
298,6185,78.0,43.0,1
299,6187,80.0,43.0,2
300,6188,81.0,43.0,22
301,6255,6.0,44.0,5
302,6259,10.0,44.0,9
303,6282,33.0,44.0,1
304,6283,34.0,44.0,4
305,6301,52.0,44.0,2
306,6309,60.0,44.0,4
307,6320,71.0,44.0,3
309,6322,73.0,44.0,8
310,6324,75.0,44.0,12
311,6325,76.0,44.0,19
312,6326,77.0,44.0,48
313,6327,78.0,44.0,12
314,6328,79.0,44.0,3
315,6329,80.0,44.0,6
316,6330,81.0,44.0,11
317,6331,82.0,44.0,9
318,6540,7.0,46.0,3
319,6542,9.0,46.0,4
320,6546,13.0,46.0,1
322,6553,20.0,46.0,2
323,6561,28.0,46.0,3
324,6565,32.0,46.0,10
325,6571,38.0,46.0,1
326,6575,42.0,46.0,3
327,6578,45.0,46.0,1
328,6582,49.0,46.0,3
329,6583,50.0,46.0,4
330,6588,55.0,46.0,9
331,6601,68.0,46.0,7
332,6605,72.0,46.0,7
333,6606,73.0,46.0,20
334,6607,74.0,46.0,14
335,6608,75.0,46.0,49
336,6609,76.0,46.0,43
337,6610,77.0,46.0,62
338,6611,78.0,46.0,37
339,6612,79.0,46.0,23
340,6613,80.0,46.0,2
341,6615,82.0,46.0,9
342,6683,8.0,47.0,51
343,6684,9.0,47.0,32
344,6686,11.0,47.0,1
345,6705,30.0,47.0,5
346,6710,35.0,47.0,4
347,6717,42.0,47.0,9
348,6724,49.0,47.0,3
349,6727,52.0,47.0,2
350,6731,56.0,47.0,2
351,6739,64.0,47.0,9
352,6741,66.0,47.0,2
353,6742,67.0,47.0,2
354,6743,68.0,47.0,8
355,6745,70.0,47.0,1
356,6747,72.0,47.0,13
357,6748,73.0,47.0,1
358,6749,74.0,47.0,3
359,6750,75.0,47.0,24
360,6751,76.0,47.0,13
361,6752,77.0,47.0,49
362,6753,78.0,47.0,9
363,6754,79.0,47.0,17
364,6755,80.0,47.0,4
365,6756,81.0,47.0,28
366,6757,82.0,47.0,3
367,6824,7.0,48.0,1
368,6834,17.0,48.0,1
369,6836,19.0,48.0,2
370,6845,28.0,48.0,40
371,6846,29.0,48.0,20
372,6847,30.0,48.0,46
373,6850,33.0,48.0,2
374,6852,35.0,48.0,7
375,6857,40.0,48.0,7
376,6860,43.0,48.0,3
377,6861,44.0,48.0,7
378,6865,48.0,48.0,2
379,6873,56.0,48.0,1
380,6877,60.0,48.0,6
381,6878,61.0,48.0,1
382,6893,76.0,48.0,3
383,6894,77.0,48.0,7
384,6895,78.0,48.0,10
385,6896,79.0,48.0,4
386,6897,80.0,48.0,1
387,6898,81.0,48.0,8
388,6899,82.0,48.0,1
389,6964,5.0,49.0,3
390,6976,17.0,49.0,1
391,6982,23.0,49.0,1
392,6988,29.0,49.0,104
393,6989,30.0,49.0,81
394,6990,31.0,49.0,8
395,6992,33.0,49.0,3
396,6993,34.0,49.0,1
397,6995,36.0,49.0,5
398,7000,41.0,49.0,2
399,7010,51.0,49.0,2
400,7017,58.0,49.0,15
401,7019,60.0,49.0,8
402,7022,63.0,49.0,10
403,7026,67.0,49.0,5
404,7027,68.0,49.0,1
405,7031,72.0,49.0,15
406,7032,73.0,49.0,14
407,7034,75.0,49.0,13
408,7035,76.0,49.0,1
409,7036,77.0,49.0,8
410,7037,78.0,49.0,28
411,7038,79.0,49.0,3
412,7039,80.0,49.0,2
413,7040,81.0,49.0,4
414,7110,9.0,50.0,7
415,7111,10.0,50.0,2
416,7114,13.0,50.0,1
417,7115,14.0,50.0,1
418,7118,17.0,50.0,1
419,7120,19.0,50.0,3
420,7125,24.0,50.0,1
421,7126,25.0,50.0,2
422,7129,28.0,50.0,17
423,7130,29.0,50.0,26
424,7131,30.0,50.0,10
425,7132,31.0,50.0,2
426,7134,33.0,50.0,1
427,7135,34.0,50.0,5
428,7150,49.0,50.0,4
429,7153,52.0,50.0,2
431,7155,54.0,50.0,1
432,7156,55.0,50.0,3
433,7159,58.0,50.0,7
434,7164,63.0,50.0,1
435,7165,64.0,50.0,12
436,7169,68.0,50.0,3
437,7171,70.0,50.0,1
438,7172,71.0,50.0,1
439,7173,72.0,50.0,5
440,7174,73.0,50.0,4
441,7176,75.0,50.0,6
442,7177,76.0,50.0,8
443,7178,77.0,50.0,10
444,7179,78.0,50.0,34
445,7180,79.0,50.0,9
446,7181,80.0,50.0,2
447,7183,82.0,50.0,1
448,7252,9.0,51.0,9
449,7253,10.0,51.0,1
450,7258,15.0,51.0,5
451,7260,17.0,51.0,2
452,7263,20.0,51.0,4
453,7270,27.0,51.0,9
454,7273,30.0,51.0,24
455,7276,33.0,51.0,1
456,7277,34.0,51.0,6
457,7278,35.0,51.0,9
458,7279,36.0,51.0,3
459,7283,40.0,51.0,1
460,7284,41.0,51.0,3
461,7296,53.0,51.0,4
462,7297,54.0,51.0,9
463,7300,57.0,51.0,4
464,7305,62.0,51.0,5
465,7306,63.0,51.0,3
466,7309,66.0,51.0,6
467,7310,67.0,51.0,12
468,7311,68.0,51.0,12
469,7312,69.0,51.0,9
470,7313,70.0,51.0,12
471,7314,71.0,51.0,3
472,7315,72.0,51.0,1
473,7316,73.0,51.0,6
474,7317,74.0,51.0,1
475,7318,75.0,51.0,15
476,7319,76.0,51.0,17
477,7320,77.0,51.0,1
478,7321,78.0,51.0,14
479,7322,79.0,51.0,38
480,7323,80.0,51.0,7
481,7324,81.0,51.0,6
482,7390,5.0,52.0,3
483,7391,6.0,52.0,2
484,7400,15.0,52.0,1
485,7402,17.0,52.0,2
486,7406,21.0,52.0,2
487,7413,28.0,52.0,4
488,7414,29.0,52.0,2
489,7415,30.0,52.0,1
490,7416,31.0,52.0,6
491,7420,35.0,52.0,2
492,7421,36.0,52.0,5
493,7422,37.0,52.0,2
494,7423,38.0,52.0,5
495,7427,42.0,52.0,3
496,7428,43.0,52.0,6
497,7429,44.0,52.0,1
498,7431,46.0,52.0,1
499,7432,47.0,52.0,10
500,7433,48.0,52.0,4
501,7434,49.0,52.0,4
502,7435,50.0,52.0,5
503,7437,52.0,52.0,7
504,7438,53.0,52.0,9
505,7439,54.0,52.0,20
506,7440,55.0,52.0,5
507,7442,57.0,52.0,5
508,7445,60.0,52.0,1
509,7452,67.0,52.0,6
510,7453,68.0,52.0,5
511,7454,69.0,52.0,3
512,7455,70.0,52.0,4
513,7456,71.0,52.0,19
514,7457,72.0,52.0,35
515,7458,73.0,52.0,66
516,7459,74.0,52.0,11
517,7460,75.0,52.0,27
518,7461,76.0,52.0,47
519,7462,77.0,52.0,39
520,7463,78.0,52.0,70
521,7464,79.0,52.0,40
522,7465,80.0,52.0,38
523,7466,81.0,52.0,80
524,7531,4.0,53.0,5
525,7532,5.0,53.0,3
526,7542,15.0,53.0,11
527,7548,21.0,53.0,1
528,7554,27.0,53.0,1
529,7555,28.0,53.0,12
530,7556,29.0,53.0,2
531,7560,33.0,53.0,4
532,7564,37.0,53.0,2
533,7565,38.0,53.0,15
534,7566,39.0,53.0,2
535,7571,44.0,53.0,6
536,7572,45.0,53.0,4
537,7574,47.0,53.0,14
538,7575,48.0,53.0,3
539,7576,49.0,53.0,8
540,7580,53.0,53.0,11
541,7581,54.0,53.0,6
542,7582,55.0,53.0,4
543,7584,57.0,53.0,3
544,7586,59.0,53.0,2
545,7587,60.0,53.0,1
546,7594,67.0,53.0,5
547,7598,71.0,53.0,23
548,7599,72.0,53.0,2
549,7600,73.0,53.0,4
550,7601,74.0,53.0,5
551,7602,75.0,53.0,16
552,7603,76.0,53.0,33
553,7604,77.0,53.0,39
554,7605,78.0,53.0,27
555,7606,79.0,53.0,88
556,7607,80.0,53.0,30
557,7608,81.0,53.0,48
558,7673,4.0,54.0,3
559,7697,28.0,54.0,2
560,7698,29.0,54.0,1
561,7702,33.0,54.0,2
562,7705,36.0,54.0,9
563,7706,37.0,54.0,1
564,7708,39.0,54.0,9
565,7713,44.0,54.0,7
566,7714,45.0,54.0,4
567,7715,46.0,54.0,7
568,7716,47.0,54.0,25
569,7718,49.0,54.0,14
570,7722,53.0,54.0,7
571,7723,54.0,54.0,31
572,7724,55.0,54.0,1
573,7725,56.0,54.0,4
574,7726,57.0,54.0,10
575,7728,59.0,54.0,5
576,7729,60.0,54.0,8
577,7730,61.0,54.0,3
578,7731,62.0,54.0,14
579,7732,63.0,54.0,3
580,7734,65.0,54.0,78
581,7736,67.0,54.0,3
582,7737,68.0,54.0,1
583,7740,71.0,54.0,14
584,7741,72.0,54.0,8
585,7742,73.0,54.0,9
587,7744,75.0,54.0,4
588,7745,76.0,54.0,5
589,7746,77.0,54.0,16
590,7747,78.0,54.0,42
591,7748,79.0,54.0,48
592,7749,80.0,54.0,27
593,7750,81.0,54.0,44
594,7983,30.0,56.0,12
595,7984,31.0,56.0,2
596,7985,32.0,56.0,7
597,7986,33.0,56.0,30
598,7987,34.0,56.0,20
599,7988,35.0,56.0,17
600,7989,36.0,56.0,3
601,7991,38.0,56.0,52
602,7992,39.0,56.0,2
603,7993,40.0,56.0,29
604,7994,41.0,56.0,7
605,7995,42.0,56.0,9
606,7996,43.0,56.0,26
607,7997,44.0,56.0,29
608,7998,45.0,56.0,17
609,7999,46.0,56.0,30
610,8000,47.0,56.0,12
611,8002,49.0,56.0,1
612,8005,52.0,56.0,5
613,8007,54.0,56.0,18
614,8009,56.0,56.0,4
615,8010,57.0,56.0,22
616,8012,59.0,56.0,3
617,8013,60.0,56.0,9
618,8015,62.0,56.0,6
619,8020,67.0,56.0,9
620,8023,70.0,56.0,17
621,8024,71.0,56.0,29
622,8025,72.0,56.0,21
623,8026,73.0,56.0,10
624,8028,75.0,56.0,31
625,8029,76.0,56.0,4
626,8030,77.0,56.0,10
627,8031,78.0,56.0,35
628,8032,79.0,56.0,41
629,8033,80.0,56.0,14
630,8034,81.0,56.0,26
631,8105,10.0,57.0,1
632,8117,22.0,57.0,1
633,8125,30.0,57.0,17
634,8126,31.0,57.0,20
635,8127,32.0,57.0,33
636,8128,33.0,57.0,148
637,8129,34.0,57.0,20
638,8130,35.0,57.0,6
639,8131,36.0,57.0,24
640,8132,37.0,57.0,1
641,8133,38.0,57.0,10
642,8134,39.0,57.0,1
643,8135,40.0,57.0,10
644,8136,41.0,57.0,18
645,8137,42.0,57.0,50
646,8138,43.0,57.0,69
647,8139,44.0,57.0,73
648,8140,45.0,57.0,9
649,8141,46.0,57.0,8
650,8142,47.0,57.0,14
651,8149,54.0,57.0,8
652,8151,56.0,57.0,5
653,8152,57.0,57.0,8
654,8155,60.0,57.0,3
656,8157,62.0,57.0,10
657,8158,63.0,57.0,3
658,8160,65.0,57.0,9
659,8161,66.0,57.0,4
660,8162,67.0,57.0,8
661,8163,68.0,57.0,4
662,8164,69.0,57.0,1
664,8166,71.0,57.0,35
665,8167,72.0,57.0,13
666,8168,73.0,57.0,14
667,8169,74.0,57.0,1
668,8170,75.0,57.0,51
669,8171,76.0,57.0,30
670,8172,77.0,57.0,24
671,8173,78.0,57.0,16
672,8174,79.0,57.0,17
673,8175,80.0,57.0,23
674,8176,81.0,57.0,8
675,8177,82.0,57.0,1
676,8240,3.0,58.0,2
677,8242,5.0,58.0,2
678,8259,22.0,58.0,1
679,8262,25.0,58.0,2
680,8267,30.0,58.0,1
681,8268,31.0,58.0,102
682,8269,32.0,58.0,41
683,8270,33.0,58.0,37
684,8271,34.0,58.0,61
685,8272,35.0,58.0,19
686,8273,36.0,58.0,49
687,8274,37.0,58.0,19
688,8275,38.0,58.0,35
689,8276,39.0,58.0,20
690,8277,40.0,58.0,54
691,8278,41.0,58.0,38
692,8279,42.0,58.0,26
693,8280,43.0,58.0,11
694,8281,44.0,58.0,48
695,8282,45.0,58.0,9
696,8283,46.0,58.0,20
697,8284,47.0,58.0,10
698,8285,48.0,58.0,2
699,8286,49.0,58.0,2
700,8287,50.0,58.0,1
701,8288,51.0,58.0,2
702,8289,52.0,58.0,2
703,8291,54.0,58.0,18
704,8293,56.0,58.0,6
705,8294,57.0,58.0,3
706,8296,59.0,58.0,1
707,8297,60.0,58.0,3
708,8298,61.0,58.0,1
709,8299,62.0,58.0,7
710,8300,63.0,58.0,1
711,8302,65.0,58.0,3
713,8304,67.0,58.0,4
714,8305,68.0,58.0,2
715,8306,69.0,58.0,1
716,8307,70.0,58.0,12
717,8308,71.0,58.0,9
718,8309,72.0,58.0,20
719,8310,73.0,58.0,4
720,8311,74.0,58.0,14
721,8312,75.0,58.0,23
722,8313,76.0,58.0,34
723,8314,77.0,58.0,43
724,8315,78.0,58.0,18
725,8316,79.0,58.0,35
726,8317,80.0,58.0,32
727,8318,81.0,58.0,7
728,8319,82.0,58.0,19
729,8320,83.0,58.0,3
730,8394,15.0,59.0,3
731,8406,27.0,59.0,1
732,8407,28.0,59.0,5
733,8409,30.0,59.0,57
734,8410,31.0,59.0,32
735,8411,32.0,59.0,17
736,8412,33.0,59.0,59
737,8413,34.0,59.0,22
738,8414,35.0,59.0,43
739,8415,36.0,59.0,36
740,8416,37.0,59.0,51
741,8417,38.0,59.0,23
742,8418,39.0,59.0,19
743,8419,40.0,59.0,17
744,8420,41.0,59.0,3
745,8421,42.0,59.0,8
746,8422,43.0,59.0,2
747,8423,44.0,59.0,5
748,8424,45.0,59.0,15
749,8425,46.0,59.0,5
750,8426,47.0,59.0,4
751,8427,48.0,59.0,4
752,8428,49.0,59.0,17
753,8429,50.0,59.0,3
754,8435,56.0,59.0,1
755,8436,57.0,59.0,8
756,8438,59.0,59.0,1
757,8440,61.0,59.0,1
758,8444,65.0,59.0,2
759,8445,66.0,59.0,1
760,8447,68.0,59.0,32
762,8449,70.0,59.0,4
763,8450,71.0,59.0,15
764,8451,72.0,59.0,18
765,8452,73.0,59.0,33
766,8453,74.0,59.0,25
767,8454,75.0,59.0,18
768,8455,76.0,59.0,50
769,8456,77.0,59.0,51
770,8457,78.0,59.0,29
771,8458,79.0,59.0,7
772,8459,80.0,59.0,27
773,8460,81.0,59.0,26
774,8461,82.0,59.0,18
775,8462,83.0,59.0,1
776,8523,2.0,60.0,7
777,8530,9.0,60.0,5
778,8531,10.0,60.0,3
779,8538,17.0,60.0,2
780,8546,25.0,60.0,1
781,8549,28.0,60.0,1
782,8550,29.0,60.0,8
783,8551,30.0,60.0,94
784,8552,31.0,60.0,31
785,8553,32.0,60.0,59
786,8554,33.0,60.0,85
787,8555,34.0,60.0,19
788,8556,35.0,60.0,6
789,8557,36.0,60.0,6
790,8558,37.0,60.0,15
791,8559,38.0,60.0,10
792,8561,40.0,60.0,5
793,8564,43.0,60.0,1
794,8565,44.0,60.0,9
795,8566,45.0,60.0,10
796,8567,46.0,60.0,10
797,8575,54.0,60.0,1
798,8576,55.0,60.0,2
799,8580,59.0,60.0,3
800,8582,61.0,60.0,1
801,8583,62.0,60.0,16
802,8584,63.0,60.0,29
803,8585,64.0,60.0,24
804,8586,65.0,60.0,7
805,8587,66.0,60.0,7
806,8588,67.0,60.0,3
807,8589,68.0,60.0,12
808,8590,69.0,60.0,21
809,8591,70.0,60.0,20
810,8592,71.0,60.0,30
811,8593,72.0,60.0,27
812,8594,73.0,60.0,38
813,8595,74.0,60.0,22
814,8596,75.0,60.0,23
815,8597,76.0,60.0,6
816,8598,77.0,60.0,43
817,8599,78.0,60.0,30
818,8600,79.0,60.0,12
819,8601,80.0,60.0,19
820,8602,81.0,60.0,7
821,8603,82.0,60.0,21
822,8604,83.0,60.0,4
823,8667,4.0,61.0,2
824,8668,5.0,61.0,4
825,8672,9.0,61.0,2
826,8683,20.0,61.0,2
827,8691,28.0,61.0,41
828,8692,29.0,61.0,87
829,8693,30.0,61.0,51
830,8694,31.0,61.0,64
831,8695,32.0,61.0,221
832,8696,33.0,61.0,195
833,8697,34.0,61.0,16
834,8698,35.0,61.0,2
835,8699,36.0,61.0,18
836,8700,37.0,61.0,9
837,8707,44.0,61.0,5
838,8709,46.0,61.0,2
839,8711,48.0,61.0,2
840,8713,50.0,61.0,1
841,8717,54.0,61.0,6
842,8718,55.0,61.0,2
843,8719,56.0,61.0,2
844,8720,57.0,61.0,10
845,8721,58.0,61.0,6
846,8722,59.0,61.0,21
847,8723,60.0,61.0,7
848,8724,61.0,61.0,10
849,8725,62.0,61.0,35
850,8726,63.0,61.0,12
851,8727,64.0,61.0,24
852,8728,65.0,61.0,2
853,8729,66.0,61.0,10
854,8730,67.0,61.0,5
855,8731,68.0,61.0,5
856,8732,69.0,61.0,8
857,8733,70.0,61.0,25
858,8734,71.0,61.0,22
859,8735,72.0,61.0,31
860,8736,73.0,61.0,14
861,8737,74.0,61.0,34
862,8738,75.0,61.0,14
863,8739,76.0,61.0,22
864,8740,77.0,61.0,13
865,8741,78.0,61.0,48
866,8742,79.0,61.0,34
867,8743,80.0,61.0,17
868,8744,81.0,61.0,15
869,8745,82.0,61.0,4
870,8746,83.0,61.0,3
871,8747,84.0,61.0,1
872,8811,6.0,62.0,3
873,8814,9.0,62.0,9
874,8826,21.0,62.0,5
875,8827,22.0,62.0,8
876,8828,23.0,62.0,6
877,8829,24.0,62.0,8
878,8830,25.0,62.0,30
879,8831,26.0,62.0,1
880,8833,28.0,62.0,41
881,8834,29.0,62.0,38
882,8835,30.0,62.0,52
883,8836,31.0,62.0,46
884,8837,32.0,62.0,29
885,8838,33.0,62.0,34
886,8839,34.0,62.0,69
887,8840,35.0,62.0,40
888,8841,36.0,62.0,1
889,8842,37.0,62.0,19
890,8843,38.0,62.0,15
891,8859,54.0,62.0,11
892,8860,55.0,62.0,7
893,8861,56.0,62.0,5
894,8862,57.0,62.0,1
895,8863,58.0,62.0,8
896,8864,59.0,62.0,4
897,8865,60.0,62.0,18
898,8866,61.0,62.0,6
899,8867,62.0,62.0,61
900,8868,63.0,62.0,13
901,8869,64.0,62.0,11
902,8870,65.0,62.0,13
903,8871,66.0,62.0,17
904,8872,67.0,62.0,8
905,8873,68.0,62.0,9
906,8875,70.0,62.0,20
907,8876,71.0,62.0,54
908,8877,72.0,62.0,15
909,8878,73.0,62.0,34
910,8879,74.0,62.0,22
911,8880,75.0,62.0,34
912,8881,76.0,62.0,33
913,8882,77.0,62.0,5
914,8883,78.0,62.0,2
915,8884,79.0,62.0,13
916,8885,80.0,62.0,5
917,8886,81.0,62.0,3
918,8887,82.0,62.0,13
919,8888,83.0,62.0,5
920,8889,84.0,62.0,4
921,8952,5.0,63.0,2
922,8956,9.0,63.0,7
923,8957,10.0,63.0,4
924,8958,11.0,63.0,1
925,8960,13.0,63.0,3
926,8961,14.0,63.0,1
927,8963,16.0,63.0,10
928,8968,21.0,63.0,1
929,8969,22.0,63.0,1
930,8972,25.0,63.0,1
931,8973,26.0,63.0,8
932,8975,28.0,63.0,3
933,8976,29.0,63.0,19
934,8978,31.0,63.0,10
935,8979,32.0,63.0,2
936,8980,33.0,63.0,23
937,8981,34.0,63.0,12
938,8982,35.0,63.0,71
939,8983,36.0,63.0,39
940,8984,37.0,63.0,19
941,8985,38.0,63.0,1
942,8987,40.0,63.0,2
943,8992,45.0,63.0,5
944,9000,53.0,63.0,11
945,9001,54.0,63.0,5
946,9003,56.0,63.0,32
947,9004,57.0,63.0,9
948,9005,58.0,63.0,23
949,9006,59.0,63.0,18
950,9007,60.0,63.0,5
951,9008,61.0,63.0,9
952,9009,62.0,63.0,25
953,9010,63.0,63.0,24
954,9011,64.0,63.0,19
955,9012,65.0,63.0,21
956,9013,66.0,63.0,18
957,9014,67.0,63.0,13
958,9015,68.0,63.0,9
959,9016,69.0,63.0,18
960,9017,70.0,63.0,36
961,9018,71.0,63.0,58
962,9019,72.0,63.0,78
963,9020,73.0,63.0,85
964,9021,74.0,63.0,42
965,9022,75.0,63.0,1
966,9023,76.0,63.0,10
967,9024,77.0,63.0,39
968,9025,78.0,63.0,11
969,9026,79.0,63.0,1
970,9028,81.0,63.0,10
971,9029,82.0,63.0,11
972,9030,83.0,63.0,25
973,9031,84.0,63.0,11
974,9032,85.0,63.0,4
975,9033,86.0,63.0,1
976,9090,1.0,64.0,4
977,9091,2.0,64.0,1
978,9092,3.0,64.0,1
979,9093,4.0,64.0,8
980,9095,6.0,64.0,3
981,9096,7.0,64.0,1
982,9098,9.0,64.0,17
983,9099,10.0,64.0,47
984,9100,11.0,64.0,2
985,9102,13.0,64.0,1
986,9112,23.0,64.0,1
987,9114,25.0,64.0,3
988,9117,28.0,64.0,1
989,9118,29.0,64.0,1
990,9119,30.0,64.0,4
991,9120,31.0,64.0,1
992,9122,33.0,64.0,5
993,9123,34.0,64.0,3
994,9124,35.0,64.0,13
995,9125,36.0,64.0,27
996,9126,37.0,64.0,66
997,9127,38.0,64.0,15
998,9128,39.0,64.0,2
999,9129,40.0,64.0,4
1000,9137,48.0,64.0,2
1001,9141,52.0,64.0,5
1002,9142,53.0,64.0,5
1003,9143,54.0,64.0,14
1004,9144,55.0,64.0,2
1005,9145,56.0,64.0,13
1006,9146,57.0,64.0,21
1007,9147,58.0,64.0,9
1008,9148,59.0,64.0,7
1009,9149,60.0,64.0,5
1010,9150,61.0,64.0,6
1011,9151,62.0,64.0,43
1012,9152,63.0,64.0,18
1013,9153,64.0,64.0,10
1014,9154,65.0,64.0,30
1015,9155,66.0,64.0,12
1016,9156,67.0,64.0,10
1017,9157,68.0,64.0,31
1018,9158,69.0,64.0,30
1019,9159,70.0,64.0,17
1020,9160,71.0,64.0,63
1021,9161,72.0,64.0,38
1022,9162,73.0,64.0,67
1023,9163,74.0,64.0,34
1024,9164,75.0,64.0,114
1025,9165,76.0,64.0,21
1026,9166,77.0,64.0,22
1027,9167,78.0,64.0,43
1028,9168,79.0,64.0,11
1029,9170,81.0,64.0,9
1030,9171,82.0,64.0,6
1031,9172,83.0,64.0,37
1032,9173,84.0,64.0,13
1033,9174,85.0,64.0,30
1034,9175,86.0,64.0,13
1035,9376,3.0,66.0,10
1037,9382,9.0,66.0,10
1038,9383,10.0,66.0,37
1039,9386,13.0,66.0,12
1040,9388,15.0,66.0,6
1041,9389,16.0,66.0,1
1042,9402,29.0,66.0,18
1043,9403,30.0,66.0,3
1044,9404,31.0,66.0,3
1045,9408,35.0,66.0,5
1046,9409,36.0,66.0,1
1047,9410,37.0,66.0,2
1048,9412,39.0,66.0,4
1049,9413,40.0,66.0,1
1050,9414,41.0,66.0,3
1051,9420,47.0,66.0,1
1052,9424,51.0,66.0,11
1053,9425,52.0,66.0,4
1054,9426,53.0,66.0,34
1055,9427,54.0,66.0,95
1056,9428,55.0,66.0,27
1057,9429,56.0,66.0,60
1058,9430,57.0,66.0,34
1059,9431,58.0,66.0,3
1060,9432,59.0,66.0,11
1061,9433,60.0,66.0,18
1062,9434,61.0,66.0,27
1063,9435,62.0,66.0,34
1064,9436,63.0,66.0,32
1065,9437,64.0,66.0,12
1066,9438,65.0,66.0,7
1067,9439,66.0,66.0,20
1068,9440,67.0,66.0,13
1069,9441,68.0,66.0,29
1070,9442,69.0,66.0,5
1071,9443,70.0,66.0,23
1072,9444,71.0,66.0,35
1073,9445,72.0,66.0,24
1074,9446,73.0,66.0,15
1075,9447,74.0,66.0,14
1076,9448,75.0,66.0,29
1077,9449,76.0,66.0,5
1078,9450,77.0,66.0,31
1079,9451,78.0,66.0,40
1080,9452,79.0,66.0,54
1081,9453,80.0,66.0,24
1082,9454,81.0,66.0,2
1083,9455,82.0,66.0,3
1084,9456,83.0,66.0,7
1085,9457,84.0,66.0,14
1086,9458,85.0,66.0,24
1087,9459,86.0,66.0,18
1088,9460,87.0,66.0,8
1089,9461,88.0,66.0,9
1090,9462,89.0,66.0,1
1091,9522,7.0,67.0,3
1092,9525,10.0,67.0,4
1093,9531,16.0,67.0,2
1094,9532,17.0,67.0,1
1095,9535,20.0,67.0,1
1096,9536,21.0,67.0,19
1097,9540,25.0,67.0,8
1098,9542,27.0,67.0,1
1099,9554,39.0,67.0,3
1100,9557,42.0,67.0,1
1101,9558,43.0,67.0,4
1102,9559,44.0,67.0,7
1103,9564,49.0,67.0,4
1104,9567,52.0,67.0,8
1105,9568,53.0,67.0,18
1106,9569,54.0,67.0,10
1107,9570,55.0,67.0,6
1108,9571,56.0,67.0,15
1109,9572,57.0,67.0,2
1110,9573,58.0,67.0,2
1111,9574,59.0,67.0,12
1112,9575,60.0,67.0,49
1113,9576,61.0,67.0,5
1114,9577,62.0,67.0,41
1115,9578,63.0,67.0,10
1116,9579,64.0,67.0,7
1117,9580,65.0,67.0,21
1118,9581,66.0,67.0,49
1119,9582,67.0,67.0,44
1120,9583,68.0,67.0,38
1121,9584,69.0,67.0,59
1122,9585,70.0,67.0,20
1123,9586,71.0,67.0,48
1124,9587,72.0,67.0,33
1125,9588,73.0,67.0,11
1126,9589,74.0,67.0,30
1127,9590,75.0,67.0,22
1128,9591,76.0,67.0,29
1129,9592,77.0,67.0,71
1130,9593,78.0,67.0,9
1131,9594,79.0,67.0,20
1132,9595,80.0,67.0,14
1133,9596,81.0,67.0,29
1134,9597,82.0,67.0,18
1135,9598,83.0,67.0,25
1136,9599,84.0,67.0,37
1137,9600,85.0,67.0,19
1138,9601,86.0,67.0,9
1139,9602,87.0,67.0,13
1140,9603,88.0,67.0,29
1141,9604,89.0,67.0,133
1142,9605,90.0,67.0,174
1143,9606,91.0,67.0,17
1145,9666,9.0,68.0,1
1146,9667,10.0,68.0,3
1147,9678,21.0,68.0,22
1148,9679,22.0,68.0,4
1149,9680,23.0,68.0,5
1150,9683,26.0,68.0,6
1151,9686,29.0,68.0,3
1152,9688,31.0,68.0,3
1153,9691,34.0,68.0,6
1154,9706,49.0,68.0,7
1155,9709,52.0,68.0,27
1156,9710,53.0,68.0,14
1157,9711,54.0,68.0,23
1158,9712,55.0,68.0,46
1159,9713,56.0,68.0,10
1160,9714,57.0,68.0,8
1161,9717,60.0,68.0,9
1162,9718,61.0,68.0,40
1163,9719,62.0,68.0,115
1164,9720,63.0,68.0,5
1165,9721,64.0,68.0,12
1166,9722,65.0,68.0,11
1167,9723,66.0,68.0,33
1168,9724,67.0,68.0,29
1169,9725,68.0,68.0,8
1170,9726,69.0,68.0,16
1171,9727,70.0,68.0,34
1172,9728,71.0,68.0,30
1173,9729,72.0,68.0,13
1174,9730,73.0,68.0,13
1175,9731,74.0,68.0,46
1176,9732,75.0,68.0,26
1177,9733,76.0,68.0,28
1178,9734,77.0,68.0,11
1179,9735,78.0,68.0,18
1180,9736,79.0,68.0,17
1181,9737,80.0,68.0,17
1182,9738,81.0,68.0,10
1183,9739,82.0,68.0,27
1184,9740,83.0,68.0,43
1185,9741,84.0,68.0,10
1186,9742,85.0,68.0,12
1187,9743,86.0,68.0,17
1188,9744,87.0,68.0,16
1189,9745,88.0,68.0,18
1190,9746,89.0,68.0,49
1191,9747,90.0,68.0,44
1192,9748,91.0,68.0,27
1193,9749,92.0,68.0,17
1194,9750,93.0,68.0,6
1195,9752,95.0,68.0,28
1196,9801,2.0,69.0,4
1197,9802,3.0,69.0,6
1198,9808,9.0,69.0,1
1199,9818,19.0,69.0,1
1200,9819,20.0,69.0,8
1201,9825,26.0,69.0,2
1202,9846,47.0,69.0,2
1203,9848,49.0,69.0,3
1204,9849,50.0,69.0,11
1205,9850,51.0,69.0,6
1206,9851,52.0,69.0,3
1207,9852,53.0,69.0,49
1208,9853,54.0,69.0,10
1209,9854,55.0,69.0,27
1210,9855,56.0,69.0,22
1211,9856,57.0,69.0,10
1212,9857,58.0,69.0,37
1213,9858,59.0,69.0,13
1214,9859,60.0,69.0,34
1215,9860,61.0,69.0,9
1216,9861,62.0,69.0,31
1217,9862,63.0,69.0,10
1218,9863,64.0,69.0,21
1219,9864,65.0,69.0,42
1220,9865,66.0,69.0,34
1221,9866,67.0,69.0,22
1222,9867,68.0,69.0,15
1223,9868,69.0,69.0,6
1224,9869,70.0,69.0,17
1225,9870,71.0,69.0,30
1226,9871,72.0,69.0,2
1227,9872,73.0,69.0,6
1228,9873,74.0,69.0,13
1229,9874,75.0,69.0,16
1230,9875,76.0,69.0,12
1231,9876,77.0,69.0,19
1232,9877,78.0,69.0,8
1233,9878,79.0,69.0,20
1234,9879,80.0,69.0,26
1235,9880,81.0,69.0,35
1236,9881,82.0,69.0,41
1237,9882,83.0,69.0,21
1238,9883,84.0,69.0,30
1239,9884,85.0,69.0,4
1240,9885,86.0,69.0,10
1241,9886,87.0,69.0,26
1242,9887,88.0,69.0,40
1243,9888,89.0,69.0,92
1244,9889,90.0,69.0,28
1245,9890,91.0,69.0,13
1246,9891,92.0,69.0,7
1247,9892,93.0,69.0,20
1248,9893,94.0,69.0,32
1249,9943,2.0,70.0,1
1250,9950,9.0,70.0,1
1251,9953,12.0,70.0,7
1253,9958,17.0,70.0,1
1254,9959,18.0,70.0,4
1255,9961,20.0,70.0,2
1256,9968,27.0,70.0,1
1257,9988,47.0,70.0,2
1258,9991,50.0,70.0,3
1259,9992,51.0,70.0,19
1260,9993,52.0,70.0,10
1261,9994,53.0,70.0,28
1262,9995,54.0,70.0,31
1263,9996,55.0,70.0,58
1264,9997,56.0,70.0,25
1265,9998,57.0,70.0,34
1266,9999,58.0,70.0,21
1267,10000,59.0,70.0,27
1268,10001,60.0,70.0,7
1269,10002,61.0,70.0,8
1270,10003,62.0,70.0,7
1271,10004,63.0,70.0,27
1272,10005,64.0,70.0,17
1273,10006,65.0,70.0,40
1274,10007,66.0,70.0,22
1275,10008,67.0,70.0,4
1276,10009,68.0,70.0,40
1277,10010,69.0,70.0,22
1278,10011,70.0,70.0,22
1279,10012,71.0,70.0,55
1280,10013,72.0,70.0,5
1281,10014,73.0,70.0,3
1282,10015,74.0,70.0,18
1283,10016,75.0,70.0,17
1284,10017,76.0,70.0,21
1285,10018,77.0,70.0,44
1286,10019,78.0,70.0,6
1287,10020,79.0,70.0,25
1288,10021,80.0,70.0,45
1289,10022,81.0,70.0,12
1290,10023,82.0,70.0,21
1291,10024,83.0,70.0,22
1292,10025,84.0,70.0,30
1293,10026,85.0,70.0,25
1294,10027,86.0,70.0,23
1295,10028,87.0,70.0,5
1296,10029,88.0,70.0,106
1297,10030,89.0,70.0,35
1298,10031,90.0,70.0,16
1299,10032,91.0,70.0,16
1300,10033,92.0,70.0,13
1301,10034,93.0,70.0,10
1302,10035,94.0,70.0,15
1303,10036,95.0,70.0,25
1304,10037,96.0,70.0,3
1305,10038,97.0,70.0,5
1307,10040,99.0,70.0,11
1308,10084,1.0,71.0,4
1309,10085,2.0,71.0,3
1310,10088,5.0,71.0,1
1311,10092,9.0,71.0,1
1312,10102,19.0,71.0,2
1313,10122,39.0,71.0,5
1314,10128,45.0,71.0,4
1315,10134,51.0,71.0,7
1316,10135,52.0,71.0,4
1317,10136,53.0,71.0,7
1318,10137,54.0,71.0,54
1319,10138,55.0,71.0,93
1320,10139,56.0,71.0,44
1321,10140,57.0,71.0,50
1322,10141,58.0,71.0,3
1323,10142,59.0,71.0,2
1324,10143,60.0,71.0,36
1325,10144,61.0,71.0,27
1326,10145,62.0,71.0,56
1327,10146,63.0,71.0,52
1328,10147,64.0,71.0,50
1329,10148,65.0,71.0,42
1330,10149,66.0,71.0,70
1331,10150,67.0,71.0,9
1332,10151,68.0,71.0,36
1333,10152,69.0,71.0,33
1334,10153,70.0,71.0,16
1335,10154,71.0,71.0,48
1336,10155,72.0,71.0,6
1337,10156,73.0,71.0,11
1338,10157,74.0,71.0,17
1339,10158,75.0,71.0,15
1340,10159,76.0,71.0,19
1341,10160,77.0,71.0,28
1342,10161,78.0,71.0,22
1343,10162,79.0,71.0,21
1344,10163,80.0,71.0,24
1345,10164,81.0,71.0,10
1346,10165,82.0,71.0,20
1347,10166,83.0,71.0,31
1348,10167,84.0,71.0,10
1349,10168,85.0,71.0,18
1350,10169,86.0,71.0,41
1351,10170,87.0,71.0,76
1352,10171,88.0,71.0,14
1353,10172,89.0,71.0,6
1354,10173,90.0,71.0,1
1355,10174,91.0,71.0,9
1356,10175,92.0,71.0,12
1357,10176,93.0,71.0,4
1358,10177,94.0,71.0,3
1359,10178,95.0,71.0,9
1360,10179,96.0,71.0,9
1361,10180,97.0,71.0,25
1362,10181,98.0,71.0,23
1363,10182,99.0,71.0,11
1364,10183,100.0,71.0,1
1365,10226,1.0,72.0,2
1366,10230,5.0,72.0,1
1367,10248,23.0,72.0,4
1368,10252,27.0,72.0,3
1369,10256,31.0,72.0,3
1370,10258,33.0,72.0,1
1371,10261,36.0,72.0,1
1372,10275,50.0,72.0,7
1373,10276,51.0,72.0,1
1374,10277,52.0,72.0,4
1375,10279,54.0,72.0,23
1376,10280,55.0,72.0,15
1377,10281,56.0,72.0,29
1378,10282,57.0,72.0,5
1379,10283,58.0,72.0,1
1380,10285,60.0,72.0,51
1381,10286,61.0,72.0,6
1382,10287,62.0,72.0,18
1383,10288,63.0,72.0,33
1384,10289,64.0,72.0,19
1385,10290,65.0,72.0,4
1386,10291,66.0,72.0,52
1387,10292,67.0,72.0,10
1388,10293,68.0,72.0,18
1389,10294,69.0,72.0,14
1390,10295,70.0,72.0,9
1391,10296,71.0,72.0,27
1392,10297,72.0,72.0,20
1393,10298,73.0,72.0,18
1394,10299,74.0,72.0,2
1395,10300,75.0,72.0,4
1396,10301,76.0,72.0,7
1397,10302,77.0,72.0,6
1398,10303,78.0,72.0,9
1399,10304,79.0,72.0,10
1400,10305,80.0,72.0,28
1401,10306,81.0,72.0,7
1402,10307,82.0,72.0,24
1403,10308,83.0,72.0,17
1404,10309,84.0,72.0,22
1405,10310,85.0,72.0,8
1406,10311,86.0,72.0,16
1407,10312,87.0,72.0,23
1408,10313,88.0,72.0,16
1409,10314,89.0,72.0,1
1410,10315,90.0,72.0,5
1411,10316,91.0,72.0,13
1412,10317,92.0,72.0,10
1413,10318,93.0,72.0,12
1414,10319,94.0,72.0,10
1415,10320,95.0,72.0,24
1416,10321,96.0,72.0,14
1417,10322,97.0,72.0,4
1418,10323,98.0,72.0,28
1419,10324,99.0,72.0,39
1420,10325,100.0,72.0,14
1421,10326,101.0,72.0,8
1422,10378,11.0,73.0,1
1423,10379,12.0,73.0,2
1424,10383,16.0,73.0,11
1425,10384,17.0,73.0,1
1426,10385,18.0,73.0,3
1427,10393,26.0,73.0,2
1428,10398,31.0,73.0,3
1429,10415,48.0,73.0,2
1430,10417,50.0,73.0,1
1431,10418,51.0,73.0,2
1432,10419,52.0,73.0,10
1433,10420,53.0,73.0,7
1434,10421,54.0,73.0,3
1435,10422,55.0,73.0,10
1436,10423,56.0,73.0,18
1437,10424,57.0,73.0,37
1438,10425,58.0,73.0,7
1439,10426,59.0,73.0,18
1440,10427,60.0,73.0,9
1441,10428,61.0,73.0,7
1442,10429,62.0,73.0,21
1443,10430,63.0,73.0,9
1444,10431,64.0,73.0,27
1445,10432,65.0,73.0,10
1446,10433,66.0,73.0,54
1447,10434,67.0,73.0,17
1448,10435,68.0,73.0,35
1449,10436,69.0,73.0,3
1450,10437,70.0,73.0,8
1451,10438,71.0,73.0,12
1452,10439,72.0,73.0,14
1453,10440,73.0,73.0,13
1454,10441,74.0,73.0,18
1455,10442,75.0,73.0,7
1456,10443,76.0,73.0,20
1457,10444,77.0,73.0,34
1458,10445,78.0,73.0,29
1459,10446,79.0,73.0,13
1460,10447,80.0,73.0,12
1461,10448,81.0,73.0,12
1462,10449,82.0,73.0,20
1463,10450,83.0,73.0,25
1464,10451,84.0,73.0,22
1465,10452,85.0,73.0,17
1466,10453,86.0,73.0,21
1467,10454,87.0,73.0,13
1468,10455,88.0,73.0,31
1469,10456,89.0,73.0,29
1470,10457,90.0,73.0,6
1471,10458,91.0,73.0,4
1472,10459,92.0,73.0,11
1473,10460,93.0,73.0,22
1474,10461,94.0,73.0,12
1475,10462,95.0,73.0,27
1476,10463,96.0,73.0,31
1477,10464,97.0,73.0,16
1478,10465,98.0,73.0,32
1479,10466,99.0,73.0,28
1480,10467,100.0,73.0,81
1481,10468,101.0,73.0,32
1482,10469,102.0,73.0,8
1484,10536,27.0,74.0,5
1485,10540,31.0,74.0,11
1486,10546,37.0,74.0,1
1487,10555,46.0,74.0,1
1488,10561,52.0,74.0,3
1489,10563,54.0,74.0,9
1490,10564,55.0,74.0,19
1491,10565,56.0,74.0,22
1492,10566,57.0,74.0,17
1493,10567,58.0,74.0,28
1494,10568,59.0,74.0,36
1495,10569,60.0,74.0,58
1496,10570,61.0,74.0,11
1497,10571,62.0,74.0,8
1498,10572,63.0,74.0,25
1499,10573,64.0,74.0,16
1500,10574,65.0,74.0,18
1501,10575,66.0,74.0,34
1502,10576,67.0,74.0,25
1503,10577,68.0,74.0,16
1504,10578,69.0,74.0,33
1505,10579,70.0,74.0,17
1506,10580,71.0,74.0,24
1507,10581,72.0,74.0,11
1508,10582,73.0,74.0,14
1509,10583,74.0,74.0,24
1510,10584,75.0,74.0,36
1511,10585,76.0,74.0,17
1512,10586,77.0,74.0,25
1513,10587,78.0,74.0,39
1514,10588,79.0,74.0,20
1515,10589,80.0,74.0,22
1516,10590,81.0,74.0,23
1517,10591,82.0,74.0,26
1518,10592,83.0,74.0,16
1519,10593,84.0,74.0,9
1520,10594,85.0,74.0,10
1521,10595,86.0,74.0,33
1522,10596,87.0,74.0,11
1523,10597,88.0,74.0,9
1524,10598,89.0,74.0,31
1525,10599,90.0,74.0,8
1526,10600,91.0,74.0,7
1527,10601,92.0,74.0,4
1528,10602,93.0,74.0,6
1529,10603,94.0,74.0,15
1530,10604,95.0,74.0,17
1531,10605,96.0,74.0,35
1532,10606,97.0,74.0,37
1533,10607,98.0,74.0,32
1534,10608,99.0,74.0,26
1535,10609,100.0,74.0,38
1536,10610,101.0,74.0,28
1537,10611,102.0,74.0,12
1538,10804,11.0,76.0,2
1539,10812,19.0,76.0,1
1540,10824,31.0,76.0,2
1541,10833,40.0,76.0,2
1542,10835,42.0,76.0,1
1543,10838,45.0,76.0,1
1544,10839,46.0,76.0,1
1545,10844,51.0,76.0,1
1546,10847,54.0,76.0,4
1547,10848,55.0,76.0,20
1548,10849,56.0,76.0,8
1549,10850,57.0,76.0,11
1550,10851,58.0,76.0,19
1551,10852,59.0,76.0,51
1552,10853,60.0,76.0,47
1553,10854,61.0,76.0,23
1554,10855,62.0,76.0,32
1555,10856,63.0,76.0,51
1556,10857,64.0,76.0,10
1557,10858,65.0,76.0,3
1558,10859,66.0,76.0,19
1559,10860,67.0,76.0,10
1560,10861,68.0,76.0,2
1561,10862,69.0,76.0,14
1562,10863,70.0,76.0,10
1563,10864,71.0,76.0,10
1564,10865,72.0,76.0,8
1565,10866,73.0,76.0,28
1566,10867,74.0,76.0,24
1567,10868,75.0,76.0,4
1568,10869,76.0,76.0,16
1569,10870,77.0,76.0,22
1570,10871,78.0,76.0,22
1571,10872,79.0,76.0,22
1572,10873,80.0,76.0,16
1573,10874,81.0,76.0,25
1574,10875,82.0,76.0,19
1575,10876,83.0,76.0,25
1576,10877,84.0,76.0,19
1577,10878,85.0,76.0,29
1578,10879,86.0,76.0,8
1579,10880,87.0,76.0,7
1580,10881,88.0,76.0,18
1581,10882,89.0,76.0,18
1582,10883,90.0,76.0,11
1583,10884,91.0,76.0,1
1584,10885,92.0,76.0,2
1585,10886,93.0,76.0,5
1586,10887,94.0,76.0,17
1587,10888,95.0,76.0,9
1588,10889,96.0,76.0,55
1589,10890,97.0,76.0,20
1590,10891,98.0,76.0,50
1591,10892,99.0,76.0,43
1592,10893,100.0,76.0,46
1593,10894,101.0,76.0,51
1594,10895,102.0,76.0,12
1595,10896,103.0,76.0,6
1596,10936,1.0,77.0,2
1597,10942,7.0,77.0,1
1598,10947,12.0,77.0,2
1599,10952,17.0,77.0,4
1600,10960,25.0,77.0,4
1601,10965,30.0,77.0,3
1602,10966,31.0,77.0,30
1603,10967,32.0,77.0,7
1604,10974,39.0,77.0,4
1605,10985,50.0,77.0,2
1606,10986,51.0,77.0,3
1607,10988,53.0,77.0,3
1608,10989,54.0,77.0,9
1609,10990,55.0,77.0,30
1610,10991,56.0,77.0,9
1611,10992,57.0,77.0,4
1612,10993,58.0,77.0,39
1613,10994,59.0,77.0,15
1614,10995,60.0,77.0,19
1615,10996,61.0,77.0,19
1616,10997,62.0,77.0,12
1617,10998,63.0,77.0,21
1618,10999,64.0,77.0,5
1619,11000,65.0,77.0,14
1620,11001,66.0,77.0,13
1621,11002,67.0,77.0,10
1622,11003,68.0,77.0,4
1623,11004,69.0,77.0,14
1624,11005,70.0,77.0,11
1625,11006,71.0,77.0,7
1626,11007,72.0,77.0,12
1627,11008,73.0,77.0,13
1628,11009,74.0,77.0,12
1629,11010,75.0,77.0,13
1630,11011,76.0,77.0,6
1631,11012,77.0,77.0,34
1632,11013,78.0,77.0,28
1633,11014,79.0,77.0,27
1634,11015,80.0,77.0,29
1635,11016,81.0,77.0,18
1636,11017,82.0,77.0,45
1637,11018,83.0,77.0,11
1638,11019,84.0,77.0,14
1639,11020,85.0,77.0,17
1640,11021,86.0,77.0,14
1641,11022,87.0,77.0,13
1642,11023,88.0,77.0,31
1643,11024,89.0,77.0,22
1644,11025,90.0,77.0,17
1645,11026,91.0,77.0,7
1646,11027,92.0,77.0,5
1647,11028,93.0,77.0,30
1648,11029,94.0,77.0,15
1649,11030,95.0,77.0,32
1650,11031,96.0,77.0,26
1651,11032,97.0,77.0,26
1652,11033,98.0,77.0,24
1653,11034,99.0,77.0,42
1654,11035,100.0,77.0,46
1655,11036,101.0,77.0,70
1656,11037,102.0,77.0,6
1657,11038,103.0,77.0,12
1658,11089,12.0,78.0,1
1659,11090,13.0,78.0,9
1660,11094,17.0,78.0,5
1661,11096,19.0,78.0,6
1662,11097,20.0,78.0,2
1663,11098,21.0,78.0,5
1664,11105,28.0,78.0,2
1665,11107,30.0,78.0,13
1666,11108,31.0,78.0,9
1667,11110,33.0,78.0,3
1668,11113,36.0,78.0,2
1669,11117,40.0,78.0,17
1670,11119,42.0,78.0,2
1672,11122,45.0,78.0,2
1673,11127,50.0,78.0,3
1674,11128,51.0,78.0,7
1675,11130,53.0,78.0,6
1676,11131,54.0,78.0,54
1677,11132,55.0,78.0,13
1678,11133,56.0,78.0,2
1679,11135,58.0,78.0,37
1680,11136,59.0,78.0,14
1681,11137,60.0,78.0,2
1682,11138,61.0,78.0,20
1683,11139,62.0,78.0,11
1684,11140,63.0,78.0,51
1685,11141,64.0,78.0,35
1686,11142,65.0,78.0,17
1687,11143,66.0,78.0,66
1688,11144,67.0,78.0,8
1689,11145,68.0,78.0,4
1690,11146,69.0,78.0,42
1691,11147,70.0,78.0,19
1692,11148,71.0,78.0,15
1693,11149,72.0,78.0,12
1694,11150,73.0,78.0,4
1695,11151,74.0,78.0,27
1696,11152,75.0,78.0,16
1697,11153,76.0,78.0,16
1698,11154,77.0,78.0,31
1699,11155,78.0,78.0,29
1700,11156,79.0,78.0,27
1701,11157,80.0,78.0,28
1702,11158,81.0,78.0,13
1703,11159,82.0,78.0,20
1704,11161,84.0,78.0,3
1705,11162,85.0,78.0,16
1706,11163,86.0,78.0,27
1707,11164,87.0,78.0,42
1708,11165,88.0,78.0,23
1709,11166,89.0,78.0,15
1710,11167,90.0,78.0,18
1711,11168,91.0,78.0,22
1712,11169,92.0,78.0,3
1713,11170,93.0,78.0,18
1714,11171,94.0,78.0,28
1715,11172,95.0,78.0,51
1716,11173,96.0,78.0,35
1717,11174,97.0,78.0,41
1718,11175,98.0,78.0,13
1719,11176,99.0,78.0,22
1720,11177,100.0,78.0,28
1721,11178,101.0,78.0,32
1722,11179,102.0,78.0,6
1723,11180,103.0,78.0,5
1724,11222,3.0,79.0,1
1725,11224,5.0,79.0,1
1726,11238,19.0,79.0,6
1727,11241,22.0,79.0,3
1728,11243,24.0,79.0,1
1729,11245,26.0,79.0,2
1730,11250,31.0,79.0,2
1731,11251,32.0,79.0,6
1732,11252,33.0,79.0,3
1733,11253,34.0,79.0,6
1734,11259,40.0,79.0,5
1735,11270,51.0,79.0,7
1736,11271,52.0,79.0,8
1737,11272,53.0,79.0,33
1738,11273,54.0,79.0,48
1739,11274,55.0,79.0,19
1740,11275,56.0,79.0,17
1741,11276,57.0,79.0,2
1742,11277,58.0,79.0,47
1743,11278,59.0,79.0,9
1744,11280,61.0,79.0,2
1745,11281,62.0,79.0,10
1746,11282,63.0,79.0,80
1747,11283,64.0,79.0,9
1748,11284,65.0,79.0,4
1749,11285,66.0,79.0,49
1750,11286,67.0,79.0,59
1751,11287,68.0,79.0,28
1752,11288,69.0,79.0,15
1753,11289,70.0,79.0,6
1754,11290,71.0,79.0,29
1755,11291,72.0,79.0,16
1756,11292,73.0,79.0,12
1757,11293,74.0,79.0,33
1758,11294,75.0,79.0,14
1759,11295,76.0,79.0,29
1760,11296,77.0,79.0,41
1761,11297,78.0,79.0,14
1762,11298,79.0,79.0,30
1763,11299,80.0,79.0,18
1764,11300,81.0,79.0,6
1765,11301,82.0,79.0,8
1766,11302,83.0,79.0,8
1767,11303,84.0,79.0,8
1768,11304,85.0,79.0,9
1769,11305,86.0,79.0,28
1770,11306,87.0,79.0,18
1771,11307,88.0,79.0,20
1772,11308,89.0,79.0,35
1773,11309,90.0,79.0,20
1774,11310,91.0,79.0,23
1775,11311,92.0,79.0,23
1776,11312,93.0,79.0,14
1777,11313,94.0,79.0,11
1778,11314,95.0,79.0,26
1779,11315,96.0,79.0,42
1780,11316,97.0,79.0,33
1781,11317,98.0,79.0,25
1782,11318,99.0,79.0,16
1783,11319,100.0,79.0,19
1784,11320,101.0,79.0,62
1785,11321,102.0,79.0,5
1786,11322,103.0,79.0,21
1787,11323,104.0,79.0,10
1788,11377,16.0,80.0,10
1789,11382,21.0,80.0,2
1790,11385,24.0,80.0,10
1791,11389,28.0,80.0,6
1792,11390,29.0,80.0,2
1793,11393,32.0,80.0,4
1794,11397,36.0,80.0,4
1795,11401,40.0,80.0,21
1796,11414,53.0,80.0,18
1797,11415,54.0,80.0,7
1798,11416,55.0,80.0,12
1799,11417,56.0,80.0,9
1800,11418,57.0,80.0,18
1801,11419,58.0,80.0,3
1802,11420,59.0,80.0,5
1803,11421,60.0,80.0,3
1804,11422,61.0,80.0,6
1805,11423,62.0,80.0,14
1806,11424,63.0,80.0,9
1807,11425,64.0,80.0,8
1808,11426,65.0,80.0,19
1809,11427,66.0,80.0,12
1810,11428,67.0,80.0,18
1811,11429,68.0,80.0,2
1812,11430,69.0,80.0,11
1813,11431,70.0,80.0,11
1814,11432,71.0,80.0,17
1815,11433,72.0,80.0,12
1816,11434,73.0,80.0,16
1817,11435,74.0,80.0,2
1818,11436,75.0,80.0,11
1819,11437,76.0,80.0,58
1820,11438,77.0,80.0,18
1821,11439,78.0,80.0,4
1822,11440,79.0,80.0,23
1823,11441,80.0,80.0,14
1824,11442,81.0,80.0,20
1825,11443,82.0,80.0,31
1826,11444,83.0,80.0,28
1827,11445,84.0,80.0,17
1828,11446,85.0,80.0,59
1829,11447,86.0,80.0,24
1830,11448,87.0,80.0,49
1831,11449,88.0,80.0,16
1832,11450,89.0,80.0,34
1833,11451,90.0,80.0,32
1834,11452,91.0,80.0,25
1835,11453,92.0,80.0,24
1836,11454,93.0,80.0,17
1837,11455,94.0,80.0,25
1838,11456,95.0,80.0,35
1839,11457,96.0,80.0,60
1840,11458,97.0,80.0,29
1841,11459,98.0,80.0,60
1842,11460,99.0,80.0,96
1843,11461,100.0,80.0,41
1844,11462,101.0,80.0,51
1845,11463,102.0,80.0,15
1846,11464,103.0,80.0,2
1847,11511,8.0,81.0,1
1848,11517,14.0,81.0,17
1849,11518,15.0,81.0,5
1850,11519,16.0,81.0,14
1851,11520,17.0,81.0,5
1852,11521,18.0,81.0,7
1853,11522,19.0,81.0,10
1854,11523,20.0,81.0,1
1855,11529,26.0,81.0,16
1856,11533,30.0,81.0,3
1857,11543,40.0,81.0,20
1858,11544,41.0,81.0,3
1859,11548,45.0,81.0,1
1861,11551,48.0,81.0,2
1862,11553,50.0,81.0,3
1863,11556,53.0,81.0,6
1864,11557,54.0,81.0,2
1865,11560,57.0,81.0,32
1866,11561,58.0,81.0,10
1867,11562,59.0,81.0,27
1868,11563,60.0,81.0,4
1869,11564,61.0,81.0,6
1870,11565,62.0,81.0,38
1871,11566,63.0,81.0,71
1872,11567,64.0,81.0,30
1873,11568,65.0,81.0,19
1874,11569,66.0,81.0,4
1875,11573,70.0,81.0,8
1876,11574,71.0,81.0,18
1877,11575,72.0,81.0,17
1878,11576,73.0,81.0,6
1879,11577,74.0,81.0,3
1880,11578,75.0,81.0,20
1881,11579,76.0,81.0,16
1882,11580,77.0,81.0,159
1883,11581,78.0,81.0,9
1884,11582,79.0,81.0,29
1885,11583,80.0,81.0,6
1886,11584,81.0,81.0,30
1887,11585,82.0,81.0,52
1888,11586,83.0,81.0,36
1889,11587,84.0,81.0,11
1890,11588,85.0,81.0,52
1891,11589,86.0,81.0,35
1892,11590,87.0,81.0,22
1893,11591,88.0,81.0,38
1894,11592,89.0,81.0,28
1895,11593,90.0,81.0,19
1896,11594,91.0,81.0,47
1897,11595,92.0,81.0,12
1898,11596,93.0,81.0,26
1899,11597,94.0,81.0,18
1900,11598,95.0,81.0,37
1901,11599,96.0,81.0,41
1902,11600,97.0,81.0,46
1903,11601,98.0,81.0,34
1904,11602,99.0,81.0,57
1905,11603,100.0,81.0,21
1906,11604,101.0,81.0,38
1907,11605,102.0,81.0,35
1908,11606,103.0,81.0,18
1909,11651,6.0,82.0,2
1910,11659,14.0,82.0,2
1911,11662,17.0,82.0,1
1912,11663,18.0,82.0,3
1913,11666,21.0,82.0,1
1914,11667,22.0,82.0,4
1915,11673,28.0,82.0,2
1916,11684,39.0,82.0,4
1917,11685,40.0,82.0,5
1918,11696,51.0,82.0,1
1919,11697,52.0,82.0,6
1920,11698,53.0,82.0,20
1921,11699,54.0,82.0,11
1922,11700,55.0,82.0,11
1923,11701,56.0,82.0,47
1924,11702,57.0,82.0,20
1925,11703,58.0,82.0,50
1926,11704,59.0,82.0,32
1927,11705,60.0,82.0,9
1928,11706,61.0,82.0,35
1929,11707,62.0,82.0,25
1930,11708,63.0,82.0,9
1931,11709,64.0,82.0,28
1932,11710,65.0,82.0,6
1933,11711,66.0,82.0,7
1934,11712,67.0,82.0,4
1935,11714,69.0,82.0,3
1936,11715,70.0,82.0,21
1937,11716,71.0,82.0,2
1938,11717,72.0,82.0,17
1939,11718,73.0,82.0,22
1940,11719,74.0,82.0,37
1941,11720,75.0,82.0,17
1942,11721,76.0,82.0,1
1943,11722,77.0,82.0,29
1944,11723,78.0,82.0,35
1945,11724,79.0,82.0,20
1946,11725,80.0,82.0,20
1947,11726,81.0,82.0,11
1948,11727,82.0,82.0,26
1949,11728,83.0,82.0,13
1950,11729,84.0,82.0,11
1951,11730,85.0,82.0,17
1952,11731,86.0,82.0,7
1953,11732,87.0,82.0,14
1954,11733,88.0,82.0,9
1955,11734,89.0,82.0,13
1956,11735,90.0,82.0,5
1957,11736,91.0,82.0,20
1958,11737,92.0,82.0,13
1959,11738,93.0,82.0,17
1960,11739,94.0,82.0,8
1961,11740,95.0,82.0,25
1962,11741,96.0,82.0,13
1963,11742,97.0,82.0,58
1964,11743,98.0,82.0,44
1965,11744,99.0,82.0,48
1966,11745,100.0,82.0,56
1967,11746,101.0,82.0,42
1968,11747,102.0,82.0,30
1969,11748,103.0,82.0,14
1970,11797,10.0,83.0,3
1971,11803,16.0,83.0,1
1972,11805,18.0,83.0,2
1973,11809,22.0,83.0,3
1974,11811,24.0,83.0,5
1975,11813,26.0,83.0,4
1976,11815,28.0,83.0,6
1977,11817,30.0,83.0,4
1978,11818,31.0,83.0,5
1979,11830,43.0,83.0,1
1980,11835,48.0,83.0,3
1981,11838,51.0,83.0,2
1982,11839,52.0,83.0,4
1983,11840,53.0,83.0,4
1984,11841,54.0,83.0,30
1985,11842,55.0,83.0,15
1986,11843,56.0,83.0,11
1987,11844,57.0,83.0,6
1988,11846,59.0,83.0,5
1989,11847,60.0,83.0,10
1990,11848,61.0,83.0,8
1991,11850,63.0,83.0,5
1992,11851,64.0,83.0,8
1993,11852,65.0,83.0,4
1994,11853,66.0,83.0,24
1995,11857,70.0,83.0,33
1996,11859,72.0,83.0,14
1997,11860,73.0,83.0,21
1998,11861,74.0,83.0,35
1999,11862,75.0,83.0,5
2000,11863,76.0,83.0,14
2001,11864,77.0,83.0,18
2002,11865,78.0,83.0,22
2003,11866,79.0,83.0,43
2004,11867,80.0,83.0,8
2005,11868,81.0,83.0,37
2006,11869,82.0,83.0,30
2007,11870,83.0,83.0,19
2008,11871,84.0,83.0,22
2009,11872,85.0,83.0,14
2010,11873,86.0,83.0,20
2011,11874,87.0,83.0,26
2012,11875,88.0,83.0,31
2013,11876,89.0,83.0,24
2014,11877,90.0,83.0,13
2015,11878,91.0,83.0,62
2016,11879,92.0,83.0,24
2017,11880,93.0,83.0,47
2018,11881,94.0,83.0,4
2019,11882,95.0,83.0,31
2020,11883,96.0,83.0,33
2021,11884,97.0,83.0,25
2022,11885,98.0,83.0,56
2023,11886,99.0,83.0,50
2024,11887,100.0,83.0,28
2025,11888,101.0,83.0,17
2026,11889,102.0,83.0,21
2027,11890,103.0,83.0,14
2028,11947,18.0,84.0,1
2029,11949,20.0,84.0,4
2031,11952,23.0,84.0,3
2032,11956,27.0,84.0,12
2033,11957,28.0,84.0,1
2034,11972,43.0,84.0,2
2035,11973,44.0,84.0,2
2036,11978,49.0,84.0,6
2038,11980,51.0,84.0,16
2039,11981,52.0,84.0,1
2040,11983,54.0,84.0,84
2041,11986,57.0,84.0,3
2042,11987,58.0,84.0,3
2043,11988,59.0,84.0,9
2044,11989,60.0,84.0,3
2045,11993,64.0,84.0,11
2046,11994,65.0,84.0,8
2047,11995,66.0,84.0,18
2048,11996,67.0,84.0,16
2049,11997,68.0,84.0,4
2050,11998,69.0,84.0,12
2051,11999,70.0,84.0,13
2052,12000,71.0,84.0,2
2053,12001,72.0,84.0,26
2054,12002,73.0,84.0,1
2055,12003,74.0,84.0,15
2056,12004,75.0,84.0,14
2057,12006,77.0,84.0,28
2058,12007,78.0,84.0,48
2059,12008,79.0,84.0,18
2060,12009,80.0,84.0,31
2061,12010,81.0,84.0,26
2062,12011,82.0,84.0,86
2063,12012,83.0,84.0,20
2064,12013,84.0,84.0,22
2065,12014,85.0,84.0,17
2066,12015,86.0,84.0,23
2067,12016,87.0,84.0,11
2068,12017,88.0,84.0,15
2069,12018,89.0,84.0,4
2070,12019,90.0,84.0,15
2071,12020,91.0,84.0,37
2072,12021,92.0,84.0,23
2073,12022,93.0,84.0,43
2074,12023,94.0,84.0,17
2075,12024,95.0,84.0,22
2076,12025,96.0,84.0,35
2077,12026,97.0,84.0,29
2078,12027,98.0,84.0,38
2079,12028,99.0,84.0,47
2080,12029,100.0,84.0,18
2081,12030,101.0,84.0,31
2082,12031,102.0,84.0,9
2083,12032,103.0,84.0,13
2084,12217,4.0,86.0,2
2085,12240,27.0,86.0,1
2086,12243,30.0,86.0,3
2087,12244,31.0,86.0,2
2088,12245,32.0,86.0,12
2089,12253,40.0,86.0,4
2090,12254,41.0,86.0,1
2091,12259,46.0,86.0,2
2092,12261,48.0,86.0,1
2093,12262,49.0,86.0,20
2094,12267,54.0,86.0,11
2095,12268,55.0,86.0,5
2096,12269,56.0,86.0,10
2097,12271,58.0,86.0,17
2098,12272,59.0,86.0,12
2099,12273,60.0,86.0,9
2100,12274,61.0,86.0,17
2101,12275,62.0,86.0,43
2102,12276,63.0,86.0,32
2103,12277,64.0,86.0,46
2104,12278,65.0,86.0,3
2105,12279,66.0,86.0,9
2106,12280,67.0,86.0,4
2107,12281,68.0,86.0,41
2108,12282,69.0,86.0,20
2109,12283,70.0,86.0,80
2110,12285,72.0,86.0,21
2111,12286,73.0,86.0,16
2112,12287,74.0,86.0,16
2113,12288,75.0,86.0,30
2114,12289,76.0,86.0,8
2115,12290,77.0,86.0,48
2116,12291,78.0,86.0,81
2117,12292,79.0,86.0,48
2118,12293,80.0,86.0,25
2119,12294,81.0,86.0,22
2120,12295,82.0,86.0,32
2121,12296,83.0,86.0,39
2122,12297,84.0,86.0,15
2123,12298,85.0,86.0,48
2124,12299,86.0,86.0,57
2125,12300,87.0,86.0,9
2126,12301,88.0,86.0,17
2127,12302,89.0,86.0,6
2128,12303,90.0,86.0,14
2129,12304,91.0,86.0,18
2130,12305,92.0,86.0,14
2131,12306,93.0,86.0,24
2132,12307,94.0,86.0,16
2133,12308,95.0,86.0,27
2134,12309,96.0,86.0,17
2135,12310,97.0,86.0,35
2136,12311,98.0,86.0,9
2137,12312,99.0,86.0,44
2138,12313,100.0,86.0,11
2139,12314,101.0,86.0,15
2140,12315,102.0,86.0,44
2141,12316,103.0,86.0,16
2142,12384,29.0,87.0,11
2143,12385,30.0,87.0,2
2144,12386,31.0,87.0,10
2145,12392,37.0,87.0,8
2146,12395,40.0,87.0,5
2147,12396,41.0,87.0,3
2148,12398,43.0,87.0,7
2149,12400,45.0,87.0,1
2150,12404,49.0,87.0,2
2151,12405,50.0,87.0,2
2152,12406,51.0,87.0,5
2153,12408,53.0,87.0,2
2154,12409,54.0,87.0,1
2155,12410,55.0,87.0,17
2156,12411,56.0,87.0,2
2157,12413,58.0,87.0,3
2158,12416,61.0,87.0,6
2159,12417,62.0,87.0,5
2160,12418,63.0,87.0,8
2161,12419,64.0,87.0,37
2162,12420,65.0,87.0,3
2163,12421,66.0,87.0,18
2164,12422,67.0,87.0,6
2165,12423,68.0,87.0,1
2166,12425,70.0,87.0,32
2167,12426,71.0,87.0,2
2168,12427,72.0,87.0,1
2169,12428,73.0,87.0,5
2170,12429,74.0,87.0,3
2171,12430,75.0,87.0,21
2172,12431,76.0,87.0,1
2173,12432,77.0,87.0,34
2174,12433,78.0,87.0,8
2175,12434,79.0,87.0,21
2176,12435,80.0,87.0,34
2177,12436,81.0,87.0,7
2178,12437,82.0,87.0,26
2179,12438,83.0,87.0,23
2180,12439,84.0,87.0,7
2181,12440,85.0,87.0,30
2182,12441,86.0,87.0,41
2183,12442,87.0,87.0,24
2184,12443,88.0,87.0,57
2185,12444,89.0,87.0,30
2186,12445,90.0,87.0,24
2187,12446,91.0,87.0,85
2188,12447,92.0,87.0,34
2189,12448,93.0,87.0,55
2190,12449,94.0,87.0,43
2191,12450,95.0,87.0,57
2192,12451,96.0,87.0,29
2193,12452,97.0,87.0,39
2194,12453,98.0,87.0,17
2195,12454,99.0,87.0,51
2196,12455,100.0,87.0,22
2197,12456,101.0,87.0,14
2198,12457,102.0,87.0,33
2199,12458,103.0,87.0,22
2200,12501,4.0,88.0,4
2201,12503,6.0,88.0,2
2202,12519,22.0,88.0,2
2203,12522,25.0,88.0,3
2204,12526,29.0,88.0,25
2205,12527,30.0,88.0,13
2206,12528,31.0,88.0,31
2207,12529,32.0,88.0,10
2208,12530,33.0,88.0,12
2209,12531,34.0,88.0,3
2210,12533,36.0,88.0,1
2211,12534,37.0,88.0,3
2212,12537,40.0,88.0,1
2213,12540,43.0,88.0,3
2214,12541,44.0,88.0,1
2215,12542,45.0,88.0,4
2216,12546,49.0,88.0,9
2217,12548,51.0,88.0,31
2218,12549,52.0,88.0,2
2219,12550,53.0,88.0,4
2220,12552,55.0,88.0,7
2221,12555,58.0,88.0,6
2222,12556,59.0,88.0,5
2223,12557,60.0,88.0,5
2224,12559,62.0,88.0,7
2225,12560,63.0,88.0,5
2226,12561,64.0,88.0,16
2227,12562,65.0,88.0,11
2228,12563,66.0,88.0,27
2229,12564,67.0,88.0,1
2230,12565,68.0,88.0,2
2231,12566,69.0,88.0,2
2232,12567,70.0,88.0,10
2233,12568,71.0,88.0,9
2234,12569,72.0,88.0,12
2235,12570,73.0,88.0,11
2236,12571,74.0,88.0,8
2237,12572,75.0,88.0,39
2238,12573,76.0,88.0,17
2239,12574,77.0,88.0,26
2240,12575,78.0,88.0,85
2241,12576,79.0,88.0,33
2242,12577,80.0,88.0,23
2243,12578,81.0,88.0,9
2244,12579,82.0,88.0,57
2245,12580,83.0,88.0,15
2246,12581,84.0,88.0,33
2247,12582,85.0,88.0,37
2248,12583,86.0,88.0,13
2249,12584,87.0,88.0,10
2250,12585,88.0,88.0,19
2251,12586,89.0,88.0,16
2252,12587,90.0,88.0,27
2253,12588,91.0,88.0,62
2254,12589,92.0,88.0,21
2255,12590,93.0,88.0,61
2256,12591,94.0,88.0,62
2257,12592,95.0,88.0,10
2258,12593,96.0,88.0,53
2259,12594,97.0,88.0,20
2260,12595,98.0,88.0,32
2261,12596,99.0,88.0,30
2262,12597,100.0,88.0,48
2263,12598,101.0,88.0,41
2264,12599,102.0,88.0,59
2265,12600,103.0,88.0,19
2266,12601,104.0,88.0,9
2267,12645,6.0,89.0,2
2268,12648,9.0,89.0,5
2269,12654,15.0,89.0,1
2270,12656,17.0,89.0,2
2271,12657,18.0,89.0,1
2272,12658,19.0,89.0,3
2273,12662,23.0,89.0,1
2274,12663,24.0,89.0,2
2275,12666,27.0,89.0,11
2276,12667,28.0,89.0,25
2277,12668,29.0,89.0,69
2278,12669,30.0,89.0,10
2279,12670,31.0,89.0,3
2280,12671,32.0,89.0,3
2281,12673,34.0,89.0,2
2282,12685,46.0,89.0,5
2283,12688,49.0,89.0,15
2284,12689,50.0,89.0,8
2285,12691,52.0,89.0,7
2286,12692,53.0,89.0,11
2287,12693,54.0,89.0,15
2288,12694,55.0,89.0,10
2289,12696,57.0,89.0,2
2290,12697,58.0,89.0,9
2291,12700,61.0,89.0,3
2292,12701,62.0,89.0,15
2293,12702,63.0,89.0,5
2294,12703,64.0,89.0,47
2295,12704,65.0,89.0,3
2296,12705,66.0,89.0,15
2297,12706,67.0,89.0,4
2298,12707,68.0,89.0,15
2299,12708,69.0,89.0,2
2300,12709,70.0,89.0,16
2301,12711,72.0,89.0,9
2302,12712,73.0,89.0,1
2303,12714,75.0,89.0,8
2304,12715,76.0,89.0,21
2305,12716,77.0,89.0,46
2306,12717,78.0,89.0,34
2307,12718,79.0,89.0,33
2308,12719,80.0,89.0,46
2309,12720,81.0,89.0,58
2310,12721,82.0,89.0,38
2311,12722,83.0,89.0,17
2312,12723,84.0,89.0,101
2313,12724,85.0,89.0,56
2314,12725,86.0,89.0,40
2315,12726,87.0,89.0,3
2316,12727,88.0,89.0,25
2317,12728,89.0,89.0,17
2318,12729,90.0,89.0,17
2319,12730,91.0,89.0,15
2320,12731,92.0,89.0,7
2321,12732,93.0,89.0,37
2322,12733,94.0,89.0,26
2323,12734,95.0,89.0,31
2324,12735,96.0,89.0,15
2325,12736,97.0,89.0,6
2326,12737,98.0,89.0,23
2327,12738,99.0,89.0,23
2328,12739,100.0,89.0,69
2329,12740,101.0,89.0,32
2330,12741,102.0,89.0,23
2331,12742,103.0,89.0,33
2332,12743,104.0,89.0,16
2333,12785,4.0,90.0,2
2334,12792,11.0,90.0,2
2335,12799,18.0,90.0,1
2336,12808,27.0,90.0,4
2337,12810,29.0,90.0,42
2338,12811,30.0,90.0,2
2339,12813,32.0,90.0,3
2340,12815,34.0,90.0,4
2341,12824,43.0,90.0,25
2342,12825,44.0,90.0,7
2343,12826,45.0,90.0,8
2344,12827,46.0,90.0,3
2345,12828,47.0,90.0,1
2346,12830,49.0,90.0,2
2347,12832,51.0,90.0,10
2348,12835,54.0,90.0,45
2349,12836,55.0,90.0,21
2350,12837,56.0,90.0,7
2351,12838,57.0,90.0,37
2352,12839,58.0,90.0,22
2353,12840,59.0,90.0,3
2354,12841,60.0,90.0,11
2355,12842,61.0,90.0,10
2356,12843,62.0,90.0,20
2357,12844,63.0,90.0,6
2358,12845,64.0,90.0,51
2359,12846,65.0,90.0,8
2360,12847,66.0,90.0,5
2361,12848,67.0,90.0,11
2362,12850,69.0,90.0,1
2363,12851,70.0,90.0,29
2364,12852,71.0,90.0,2
2365,12853,72.0,90.0,11
2366,12854,73.0,90.0,9
2367,12855,74.0,90.0,10
2368,12856,75.0,90.0,4
2369,12857,76.0,90.0,34
2370,12858,77.0,90.0,32
2371,12859,78.0,90.0,38
2372,12860,79.0,90.0,16
2373,12861,80.0,90.0,28
2374,12862,81.0,90.0,29
2375,12863,82.0,90.0,8
2376,12864,83.0,90.0,3
2377,12866,85.0,90.0,12
2378,12867,86.0,90.0,5
2379,12868,87.0,90.0,16
2380,12869,88.0,90.0,23
2381,12870,89.0,90.0,6
2382,12871,90.0,90.0,14
2383,12872,91.0,90.0,20
2384,12873,92.0,90.0,23
2385,12874,93.0,90.0,17
2386,12875,94.0,90.0,47
2387,12876,95.0,90.0,51
2388,12877,96.0,90.0,4
2389,12878,97.0,90.0,30
2390,12879,98.0,90.0,19
2391,12880,99.0,90.0,24
2392,12881,100.0,90.0,6
2393,12882,101.0,90.0,20
2394,12884,103.0,90.0,26
2395,12885,104.0,90.0,20
2396,12928,5.0,91.0,2
2397,12932,9.0,91.0,1
2398,12948,25.0,91.0,6
2399,12952,29.0,91.0,48
2400,12953,30.0,91.0,2
2401,12954,31.0,91.0,3
2402,12955,32.0,91.0,2
2403,12957,34.0,91.0,1
2404,12962,39.0,91.0,2
2405,12963,40.0,91.0,6
2406,12964,41.0,91.0,8
2407,12966,43.0,91.0,3
2408,12967,44.0,91.0,9
2409,12969,46.0,91.0,1
2410,12972,49.0,91.0,13
2411,12973,50.0,91.0,2
2412,12974,51.0,91.0,12
2414,12977,54.0,91.0,7
2415,12978,55.0,91.0,24
2416,12979,56.0,91.0,12
2417,12980,57.0,91.0,1
2418,12982,59.0,91.0,13
2419,12984,61.0,91.0,6
2420,12985,62.0,91.0,21
2421,12986,63.0,91.0,6
2422,12987,64.0,91.0,9
2423,12988,65.0,91.0,3
2424,12989,66.0,91.0,4
2425,12990,67.0,91.0,5
2426,12991,68.0,91.0,13
2427,12992,69.0,91.0,4
2428,12993,70.0,91.0,3
2429,12995,72.0,91.0,11
2430,12996,73.0,91.0,14
2431,12997,74.0,91.0,13
2432,12998,75.0,91.0,21
2433,12999,76.0,91.0,84
2434,13000,77.0,91.0,27
2435,13001,78.0,91.0,22
2436,13002,79.0,91.0,16
2437,13003,80.0,91.0,48
2438,13004,81.0,91.0,39
2439,13005,82.0,91.0,15
2440,13006,83.0,91.0,21
2441,13007,84.0,91.0,23
2442,13008,85.0,91.0,8
2443,13009,86.0,91.0,22
2444,13010,87.0,91.0,31
2445,13011,88.0,91.0,40
2446,13012,89.0,91.0,13
2447,13013,90.0,91.0,7
2448,13014,91.0,91.0,58
2449,13015,92.0,91.0,12
2450,13016,93.0,91.0,41
2451,13017,94.0,91.0,22
2452,13018,95.0,91.0,22
2453,13020,97.0,91.0,21
2454,13021,98.0,91.0,23
2455,13022,99.0,91.0,13
2456,13023,100.0,91.0,19
2457,13024,101.0,91.0,25
2458,13025,102.0,91.0,22
2459,13027,104.0,91.0,4
2460,13028,105.0,91.0,2
2461,13067,2.0,92.0,4
2462,13079,14.0,92.0,1
2463,13086,21.0,92.0,2
2464,13091,26.0,92.0,5
2465,13093,28.0,92.0,3
2466,13094,29.0,92.0,1
2467,13095,30.0,92.0,5
2468,13097,32.0,92.0,7
2469,13105,40.0,92.0,3
2470,13106,41.0,92.0,1
2471,13108,43.0,92.0,13
2472,13113,48.0,92.0,1
2473,13114,49.0,92.0,3
2474,13117,52.0,92.0,7
2475,13118,53.0,92.0,12
2476,13119,54.0,92.0,8
2477,13120,55.0,92.0,16
2478,13122,57.0,92.0,11
2479,13123,58.0,92.0,2
2480,13125,60.0,92.0,2
2481,13126,61.0,92.0,5
2482,13127,62.0,92.0,11
2483,13128,63.0,92.0,16
2484,13129,64.0,92.0,2
2485,13130,65.0,92.0,5
2486,13133,68.0,92.0,8
2487,13136,71.0,92.0,3
2488,13137,72.0,92.0,9
2489,13138,73.0,92.0,2
2490,13140,75.0,92.0,12
2491,13141,76.0,92.0,2
2492,13142,77.0,92.0,5
2493,13143,78.0,92.0,55
2494,13144,79.0,92.0,17
2495,13145,80.0,92.0,39
2496,13146,81.0,92.0,51
2497,13147,82.0,92.0,14
2498,13148,83.0,92.0,32
2499,13149,84.0,92.0,7
2500,13150,85.0,92.0,15
2501,13151,86.0,92.0,47
2502,13152,87.0,92.0,37
2503,13153,88.0,92.0,20
2504,13154,89.0,92.0,17
2505,13155,90.0,92.0,5
2506,13156,91.0,92.0,41
2507,13157,92.0,92.0,41
2508,13158,93.0,92.0,20
2509,13159,94.0,92.0,11
2510,13160,95.0,92.0,8
2511,13161,96.0,92.0,5
2512,13162,97.0,92.0,6
2513,13163,98.0,92.0,1
2514,13165,100.0,92.0,4
2515,13166,101.0,92.0,2
2516,13167,102.0,92.0,30
2517,13169,104.0,92.0,6
2518,13171,106.0,92.0,5
2519,13209,2.0,93.0,1
2520,13232,25.0,93.0,6
2521,13233,26.0,93.0,2
2522,13234,27.0,93.0,7
2523,13237,30.0,93.0,12
2524,13238,31.0,93.0,4
2525,13245,38.0,93.0,9
2526,13250,43.0,93.0,1
2527,13251,44.0,93.0,2
2528,13254,47.0,93.0,2
2529,13255,48.0,93.0,2
2530,13259,52.0,93.0,2
2531,13260,53.0,93.0,5
2532,13261,54.0,93.0,8
2533,13262,55.0,93.0,3
2534,13263,56.0,93.0,7
2535,13264,57.0,93.0,20
2536,13265,58.0,93.0,42
2537,13266,59.0,93.0,2
2538,13267,60.0,93.0,2
2539,13271,64.0,93.0,21
2540,13272,65.0,93.0,2
2541,13273,66.0,93.0,3
2542,13274,67.0,93.0,1
2543,13275,68.0,93.0,1
2544,13276,69.0,93.0,3
2545,13277,70.0,93.0,3
2546,13279,72.0,93.0,2
2547,13280,73.0,93.0,4
2548,13281,74.0,93.0,5
2549,13282,75.0,93.0,2
2550,13283,76.0,93.0,4
2551,13284,77.0,93.0,5
2552,13285,78.0,93.0,2
2553,13286,79.0,93.0,3
2554,13287,80.0,93.0,10
2555,13288,81.0,93.0,4
2556,13289,82.0,93.0,11
2557,13290,83.0,93.0,26
2558,13291,84.0,93.0,12
2559,13292,85.0,93.0,26
2560,13293,86.0,93.0,5
2561,13294,87.0,93.0,4
2562,13295,88.0,93.0,9
2563,13296,89.0,93.0,10
2564,13297,90.0,93.0,6
2565,13298,91.0,93.0,30
2566,13299,92.0,93.0,18
2567,13300,93.0,93.0,45
2568,13301,94.0,93.0,14
2569,13302,95.0,93.0,15
2570,13303,96.0,93.0,4
2571,13304,97.0,93.0,3
2572,13305,98.0,93.0,6
2573,13306,99.0,93.0,5
2574,13307,100.0,93.0,1
2575,13308,101.0,93.0,13
2576,13309,102.0,93.0,22
2577,13311,104.0,93.0,7
2578,13312,105.0,93.0,5
2579,13313,106.0,93.0,9
2580,13314,107.0,93.0,1
2581,13317,110.0,93.0,4
2582,13373,24.0,94.0,1
2583,13374,25.0,94.0,7
2584,13376,27.0,94.0,3
2585,13378,29.0,94.0,2
2586,13381,32.0,94.0,3
2587,13388,39.0,94.0,9
2588,13389,40.0,94.0,4
2589,13390,41.0,94.0,10
2591,13392,43.0,94.0,31
2592,13393,44.0,94.0,41
2593,13394,45.0,94.0,6
2594,13395,46.0,94.0,5
2595,13396,47.0,94.0,5
2596,13400,51.0,94.0,4
2597,13401,52.0,94.0,4
2598,13404,55.0,94.0,1
2599,13405,56.0,94.0,6
2600,13406,57.0,94.0,10
2601,13407,58.0,94.0,14
2602,13408,59.0,94.0,13
2603,13410,61.0,94.0,20
2604,13411,62.0,94.0,2
2605,13412,63.0,94.0,3
2606,13413,64.0,94.0,14
2607,13416,67.0,94.0,2
2608,13417,68.0,94.0,4
2609,13418,69.0,94.0,7
2610,13419,70.0,94.0,20
2611,13420,71.0,94.0,3
2612,13421,72.0,94.0,4
2613,13422,73.0,94.0,33
2614,13423,74.0,94.0,14
2615,13424,75.0,94.0,11
2616,13426,77.0,94.0,3
2617,13427,78.0,94.0,1
2618,13428,79.0,94.0,9
2619,13429,80.0,94.0,3
2620,13430,81.0,94.0,6
2621,13431,82.0,94.0,11
2622,13432,83.0,94.0,27
2623,13433,84.0,94.0,36
2624,13434,85.0,94.0,24
2625,13435,86.0,94.0,31
2626,13436,87.0,94.0,12
2627,13437,88.0,94.0,23
2628,13438,89.0,94.0,23
2629,13439,90.0,94.0,5
2630,13440,91.0,94.0,49
2631,13441,92.0,94.0,14
2632,13442,93.0,94.0,29
2633,13443,94.0,94.0,19
2634,13444,95.0,94.0,10
2635,13445,96.0,94.0,7
2636,13446,97.0,94.0,10
2637,13447,98.0,94.0,5
2638,13450,101.0,94.0,2
2639,13451,102.0,94.0,2
2640,13452,103.0,94.0,10
2641,13454,105.0,94.0,8
2642,13455,106.0,94.0,7
2643,13456,107.0,94.0,9
2644,13457,108.0,94.0,1
2645,13458,109.0,94.0,5
2646,13648,15.0,96.0,2
2647,13650,17.0,96.0,4
2648,13654,21.0,96.0,7
2649,13655,22.0,96.0,19
2651,13661,28.0,96.0,1
2652,13665,32.0,96.0,2
2653,13672,39.0,96.0,3
2654,13675,42.0,96.0,2
2655,13676,43.0,96.0,6
2656,13677,44.0,96.0,94
2657,13678,45.0,96.0,43
2658,13679,46.0,96.0,8
2659,13681,48.0,96.0,1
2660,13682,49.0,96.0,20
2661,13683,50.0,96.0,11
2662,13684,51.0,96.0,6
2663,13686,53.0,96.0,11
2664,13687,54.0,96.0,13
2665,13688,55.0,96.0,7
2666,13689,56.0,96.0,12
2667,13690,57.0,96.0,52
2668,13691,58.0,96.0,4
2669,13692,59.0,96.0,6
2670,13693,60.0,96.0,4
2671,13694,61.0,96.0,19
2672,13695,62.0,96.0,2
2673,13697,64.0,96.0,6
2674,13698,65.0,96.0,3
2675,13699,66.0,96.0,1
2676,13703,70.0,96.0,1
2677,13704,71.0,96.0,8
2678,13705,72.0,96.0,5
2679,13706,73.0,96.0,17
2680,13707,74.0,96.0,5
2681,13709,76.0,96.0,1
2682,13710,77.0,96.0,9
2683,13711,78.0,96.0,17
2684,13712,79.0,96.0,9
2685,13713,80.0,96.0,10
2686,13714,81.0,96.0,23
2687,13715,82.0,96.0,6
2688,13716,83.0,96.0,55
2689,13717,84.0,96.0,11
2690,13718,85.0,96.0,5
2691,13719,86.0,96.0,21
2692,13720,87.0,96.0,16
2693,13721,88.0,96.0,11
2694,13722,89.0,96.0,19
2695,13723,90.0,96.0,3
2696,13724,91.0,96.0,36
2697,13725,92.0,96.0,32
2698,13726,93.0,96.0,36
2699,13727,94.0,96.0,11
2700,13728,95.0,96.0,8
2701,13729,96.0,96.0,18
2702,13730,97.0,96.0,13
2703,13733,100.0,96.0,3
2704,13734,101.0,96.0,2
2705,13735,102.0,96.0,2
2706,13736,103.0,96.0,18
2707,13737,104.0,96.0,10
2708,13738,105.0,96.0,5
2709,13739,106.0,96.0,5
2710,13740,107.0,96.0,1
2711,13741,108.0,96.0,13
2712,13744,111.0,96.0,3
2713,13760,127.0,96.0,2
2714,13761,128.0,96.0,2
2715,13781,6.0,97.0,1
2716,13787,12.0,97.0,3
2717,13791,16.0,97.0,1
2718,13792,17.0,97.0,12
2719,13793,18.0,97.0,19
2720,13794,19.0,97.0,7
2721,13795,20.0,97.0,1
2722,13815,40.0,97.0,1
2723,13816,41.0,97.0,1
2724,13818,43.0,97.0,1
2725,13819,44.0,97.0,3
2726,13820,45.0,97.0,25
2727,13821,46.0,97.0,15
2728,13822,47.0,97.0,10
2729,13824,49.0,97.0,2
2730,13828,53.0,97.0,8
2731,13829,54.0,97.0,4
2732,13831,56.0,97.0,1
2733,13832,57.0,97.0,5
2734,13834,59.0,97.0,6
2735,13835,60.0,97.0,23
2736,13836,61.0,97.0,1
2737,13840,65.0,97.0,21
2738,13841,66.0,97.0,21
2739,13843,68.0,97.0,2
2740,13844,69.0,97.0,1
2741,13845,70.0,97.0,14
2742,13846,71.0,97.0,6
2743,13847,72.0,97.0,28
2744,13848,73.0,97.0,23
2745,13850,75.0,97.0,10
2746,13851,76.0,97.0,2
2747,13852,77.0,97.0,4
2748,13853,78.0,97.0,15
2749,13854,79.0,97.0,10
2750,13855,80.0,97.0,43
2751,13856,81.0,97.0,13
2752,13857,82.0,97.0,14
2753,13858,83.0,97.0,9
2754,13859,84.0,97.0,3
2755,13860,85.0,97.0,13
2756,13861,86.0,97.0,13
2757,13863,88.0,97.0,1
2758,13864,89.0,97.0,14
2759,13865,90.0,97.0,1
2760,13866,91.0,97.0,9
2761,13867,92.0,97.0,5
2762,13868,93.0,97.0,46
2763,13869,94.0,97.0,15
2764,13870,95.0,97.0,35
2765,13871,96.0,97.0,20
2766,13872,97.0,97.0,17
2767,13874,99.0,97.0,2
2768,13877,102.0,97.0,14
2769,13878,103.0,97.0,29
2770,13879,104.0,97.0,10
2771,13880,105.0,97.0,2
2772,13884,109.0,97.0,5
2773,13885,110.0,97.0,1
2774,13906,131.0,97.0,3
2775,13930,13.0,98.0,6
2776,13931,14.0,98.0,7
2777,13932,15.0,98.0,27
2778,13933,16.0,98.0,23
2779,13934,17.0,98.0,47
2780,13935,18.0,98.0,4
2781,13942,25.0,98.0,8
2782,13944,27.0,98.0,3
2783,13955,38.0,98.0,3
2784,13956,39.0,98.0,2
2785,13958,41.0,98.0,12
2786,13961,44.0,98.0,1
2787,13962,45.0,98.0,3
2788,13964,47.0,98.0,3
2789,13966,49.0,98.0,4
2790,13967,50.0,98.0,6
2791,13968,51.0,98.0,7
2792,13969,52.0,98.0,9
2793,13970,53.0,98.0,12
2794,13971,54.0,98.0,3
2795,13972,55.0,98.0,13
2796,13974,57.0,98.0,25
2797,13975,58.0,98.0,6
2798,13976,59.0,98.0,4
2799,13977,60.0,98.0,12
2800,13979,62.0,98.0,17
2801,13982,65.0,98.0,13
2802,13983,66.0,98.0,13
2803,13984,67.0,98.0,4
2804,13985,68.0,98.0,15
2805,13986,69.0,98.0,18
2806,13987,70.0,98.0,7
2807,13988,71.0,98.0,7
2808,13990,73.0,98.0,1
2809,13991,74.0,98.0,5
2810,13993,76.0,98.0,3
2811,13994,77.0,98.0,3
2812,13995,78.0,98.0,9
2813,13997,80.0,98.0,4
2814,13998,81.0,98.0,18
2815,13999,82.0,98.0,9
2816,14000,83.0,98.0,23
2817,14001,84.0,98.0,4
2818,14002,85.0,98.0,6
2819,14003,86.0,98.0,6
2820,14005,88.0,98.0,3
2821,14006,89.0,98.0,16
2822,14007,90.0,98.0,3
2823,14008,91.0,98.0,45
2824,14009,92.0,98.0,24
2825,14010,93.0,98.0,43
2826,14011,94.0,98.0,19
2827,14012,95.0,98.0,25
2828,14013,96.0,98.0,33
2829,14014,97.0,98.0,32
2830,14016,99.0,98.0,2
2831,14019,102.0,98.0,2
2832,14020,103.0,98.0,5
2833,14021,104.0,98.0,14
2834,14024,107.0,98.0,7
2835,14025,108.0,98.0,1
2836,14048,131.0,98.0,19
2837,14049,132.0,98.0,3
2838,14066,7.0,99.0,3
2839,14072,13.0,99.0,1
2840,14075,16.0,99.0,3
2841,14076,17.0,99.0,6
2842,14077,18.0,99.0,3
2843,14079,20.0,99.0,1
2844,14092,33.0,99.0,1
2845,14100,41.0,99.0,3
2846,14102,43.0,99.0,42
2847,14103,44.0,99.0,6
2848,14105,46.0,99.0,4
2849,14108,49.0,99.0,9
2850,14112,53.0,99.0,3
2851,14113,54.0,99.0,2
2852,14114,55.0,99.0,7
2853,14115,56.0,99.0,7
2854,14116,57.0,99.0,2
2855,14117,58.0,99.0,4
2856,14118,59.0,99.0,11
2857,14119,60.0,99.0,7
2858,14120,61.0,99.0,4
2859,14122,63.0,99.0,1
2860,14123,64.0,99.0,4
2861,14124,65.0,99.0,3
2862,14125,66.0,99.0,15
2863,14126,67.0,99.0,20
2864,14127,68.0,99.0,3
2865,14128,69.0,99.0,1
2866,14129,70.0,99.0,7
2867,14130,71.0,99.0,27
2868,14131,72.0,99.0,8
2869,14132,73.0,99.0,20
2870,14133,74.0,99.0,5
2871,14134,75.0,99.0,11
2872,14135,76.0,99.0,10
2873,14136,77.0,99.0,7
2874,14137,78.0,99.0,2
2875,14138,79.0,99.0,11
2876,14139,80.0,99.0,2
2877,14140,81.0,99.0,6
2878,14141,82.0,99.0,7
2879,14142,83.0,99.0,4
2880,14143,84.0,99.0,20
2881,14145,86.0,99.0,1
2882,14148,89.0,99.0,3
2883,14149,90.0,99.0,39
2884,14150,91.0,99.0,23
2885,14151,92.0,99.0,25
2886,14152,93.0,99.0,14
2887,14153,94.0,99.0,43
2888,14154,95.0,99.0,11
2889,14155,96.0,99.0,2
2890,14156,97.0,99.0,1
2891,14158,99.0,99.0,2
2892,14161,102.0,99.0,2
2893,14162,103.0,99.0,4
2894,14163,104.0,99.0,2
2895,14164,105.0,99.0,7
2896,14167,108.0,99.0,2
2897,14187,128.0,99.0,7
2898,14188,129.0,99.0,1
2899,14189,130.0,99.0,15
2900,14190,131.0,99.0,16
2901,14191,132.0,99.0,42
2902,14206,5.0,100.0,1
2903,14213,12.0,100.0,2
2904,14216,15.0,100.0,4
2905,14218,17.0,100.0,5
2906,14225,24.0,100.0,1
2907,14233,32.0,100.0,12
2909,14235,34.0,100.0,1
2910,14239,38.0,100.0,2
2911,14243,42.0,100.0,1
2912,14244,43.0,100.0,14
2913,14252,51.0,100.0,27
2914,14255,54.0,100.0,2
2915,14256,55.0,100.0,4
2916,14257,56.0,100.0,1
2917,14258,57.0,100.0,2
2918,14261,60.0,100.0,4
2919,14262,61.0,100.0,15
2920,14263,62.0,100.0,9
2921,14264,63.0,100.0,2
2922,14265,64.0,100.0,22
2923,14266,65.0,100.0,5
2924,14267,66.0,100.0,21
2925,14268,67.0,100.0,36
2926,14269,68.0,100.0,16
2927,14270,69.0,100.0,12
2928,14271,70.0,100.0,27
2929,14272,71.0,100.0,2
2930,14273,72.0,100.0,1
2931,14274,73.0,100.0,5
2932,14275,74.0,100.0,7
2933,14276,75.0,100.0,24
2934,14277,76.0,100.0,7
2935,14278,77.0,100.0,6
2936,14279,78.0,100.0,5
2937,14280,79.0,100.0,15
2938,14281,80.0,100.0,3
2939,14282,81.0,100.0,7
2940,14283,82.0,100.0,1
2941,14284,83.0,100.0,8
2942,14286,85.0,100.0,24
2943,14287,86.0,100.0,9
2944,14288,87.0,100.0,11
2945,14289,88.0,100.0,21
2946,14290,89.0,100.0,23
2947,14291,90.0,100.0,11
2948,14292,91.0,100.0,107
2949,14293,92.0,100.0,29
2950,14294,93.0,100.0,13
2951,14295,94.0,100.0,74
2952,14296,95.0,100.0,66
2953,14297,96.0,100.0,54
2954,14298,97.0,100.0,26
2955,14300,99.0,100.0,4
2956,14301,100.0,100.0,3
2957,14302,101.0,100.0,7
2958,14303,102.0,100.0,2
2959,14305,104.0,100.0,3
2960,14306,105.0,100.0,5
2961,14307,106.0,100.0,1
2962,14309,108.0,100.0,3
2963,14324,123.0,100.0,4
2964,14326,125.0,100.0,9
2965,14327,126.0,100.0,3
2966,14329,128.0,100.0,4
2967,14331,130.0,100.0,2
2968,14332,131.0,100.0,9
2969,14333,132.0,100.0,5
2970,14334,133.0,100.0,1
2971,14350,7.0,101.0,4
2972,14354,11.0,101.0,1
2973,14355,12.0,101.0,1
2974,14361,18.0,101.0,1
2975,14375,32.0,101.0,7
2976,14377,34.0,101.0,5
2977,14378,35.0,101.0,1
2978,14382,39.0,101.0,3
2979,14384,41.0,101.0,7
2980,14385,42.0,101.0,28
2981,14386,43.0,101.0,66
2982,14387,44.0,101.0,2
2983,14392,49.0,101.0,9
2984,14393,50.0,101.0,5
2985,14394,51.0,101.0,6
2986,14395,52.0,101.0,6
2987,14396,53.0,101.0,7
2988,14397,54.0,101.0,17
2989,14398,55.0,101.0,8
2990,14399,56.0,101.0,2
2991,14400,57.0,101.0,5
2992,14401,58.0,101.0,2
2993,14402,59.0,101.0,4
2994,14404,61.0,101.0,5
2995,14405,62.0,101.0,15
2996,14406,63.0,101.0,10
2997,14407,64.0,101.0,24
2998,14408,65.0,101.0,20
2999,14409,66.0,101.0,16
3000,14410,67.0,101.0,112
3001,14411,68.0,101.0,27
3002,14412,69.0,101.0,24
3003,14413,70.0,101.0,39
3004,14414,71.0,101.0,5
3005,14416,73.0,101.0,8
3006,14417,74.0,101.0,9
3007,14418,75.0,101.0,4
3008,14419,76.0,101.0,2
3009,14420,77.0,101.0,1
3010,14421,78.0,101.0,3
3011,14422,79.0,101.0,25
3012,14423,80.0,101.0,14
3013,14424,81.0,101.0,5
3014,14425,82.0,101.0,6
3015,14426,83.0,101.0,87
3016,14427,84.0,101.0,16
3017,14428,85.0,101.0,7
3018,14429,86.0,101.0,14
3019,14430,87.0,101.0,5
3020,14431,88.0,101.0,16
3021,14432,89.0,101.0,4
3022,14433,90.0,101.0,18
3023,14434,91.0,101.0,46
3024,14435,92.0,101.0,7
3025,14436,93.0,101.0,17
3026,14437,94.0,101.0,9
3027,14439,96.0,101.0,23
3028,14440,97.0,101.0,15
3029,14441,98.0,101.0,1
3030,14442,99.0,101.0,11
3031,14443,100.0,101.0,7
3032,14444,101.0,101.0,3
3033,14447,104.0,101.0,5
3034,14448,105.0,101.0,6
3035,14449,106.0,101.0,2
3036,14450,107.0,101.0,2
3037,14452,109.0,101.0,3
3039,14474,131.0,101.0,7
3040,14490,5.0,102.0,2
3041,14493,8.0,102.0,3
3042,14502,17.0,102.0,1
3043,14519,34.0,102.0,3
3044,14522,37.0,102.0,1
3045,14523,38.0,102.0,20
3046,14524,39.0,102.0,2
3047,14528,43.0,102.0,6
3048,14529,44.0,102.0,11
3049,14531,46.0,102.0,43
3050,14532,47.0,102.0,9
3051,14533,48.0,102.0,29
3052,14534,49.0,102.0,20
3053,14535,50.0,102.0,36
3054,14536,51.0,102.0,12
3055,14537,52.0,102.0,21
3056,14538,53.0,102.0,21
3057,14539,54.0,102.0,4
3058,14540,55.0,102.0,14
3059,14541,56.0,102.0,8
3060,14542,57.0,102.0,2
3061,14544,59.0,102.0,3
3062,14545,60.0,102.0,34
3063,14546,61.0,102.0,13
3064,14547,62.0,102.0,2
3065,14548,63.0,102.0,20
3066,14549,64.0,102.0,18
3067,14550,65.0,102.0,15
3068,14551,66.0,102.0,6
3069,14552,67.0,102.0,9
3070,14553,68.0,102.0,13
3071,14554,69.0,102.0,12
3072,14555,70.0,102.0,17
3073,14556,71.0,102.0,13
3074,14557,72.0,102.0,2
3075,14558,73.0,102.0,13
3076,14559,74.0,102.0,15
3077,14560,75.0,102.0,15
3078,14561,76.0,102.0,6
3079,14563,78.0,102.0,10
3080,14564,79.0,102.0,12
3081,14565,80.0,102.0,11
3082,14566,81.0,102.0,5
3083,14567,82.0,102.0,2
3084,14568,83.0,102.0,22
3085,14569,84.0,102.0,14
3086,14571,86.0,102.0,1
3087,14574,89.0,102.0,1
3088,14575,90.0,102.0,23
3089,14576,91.0,102.0,18
3090,14577,92.0,102.0,6
3091,14578,93.0,102.0,16
3092,14580,95.0,102.0,3
3093,14581,96.0,102.0,17
3094,14582,97.0,102.0,4
3095,14583,98.0,102.0,4
3096,14584,99.0,102.0,5
3097,14590,105.0,102.0,3
3098,14592,107.0,102.0,4
3099,14593,108.0,102.0,2
3100,14595,110.0,102.0,3
3101,14596,111.0,102.0,6
3102,14610,125.0,102.0,3
3103,14612,127.0,102.0,1
3104,14631,4.0,103.0,1
3105,14632,5.0,103.0,12
3106,14633,6.0,103.0,18
3107,14634,7.0,103.0,4
3108,14648,21.0,103.0,2
3109,14658,31.0,103.0,9
3110,14659,32.0,103.0,2
3111,14660,33.0,103.0,1
3112,14665,38.0,103.0,5
3113,14666,39.0,103.0,10
3114,14669,42.0,103.0,5
3115,14670,43.0,103.0,13
3116,14671,44.0,103.0,1
3117,14672,45.0,103.0,2
3118,14673,46.0,103.0,5
3119,14674,47.0,103.0,11
3120,14675,48.0,103.0,6
3121,14676,49.0,103.0,2
3122,14681,54.0,103.0,2
3123,14682,55.0,103.0,11
3124,14683,56.0,103.0,1
3125,14684,57.0,103.0,2
3126,14685,58.0,103.0,32
3127,14686,59.0,103.0,7
3128,14687,60.0,103.0,26
3129,14688,61.0,103.0,29
3130,14689,62.0,103.0,40
3131,14690,63.0,103.0,3
3132,14691,64.0,103.0,15
3133,14692,65.0,103.0,21
3134,14693,66.0,103.0,39
3135,14694,67.0,103.0,7
3136,14695,68.0,103.0,7
3137,14696,69.0,103.0,5
3138,14697,70.0,103.0,12
3139,14698,71.0,103.0,13
3140,14699,72.0,103.0,5
3141,14700,73.0,103.0,10
3142,14701,74.0,103.0,7
3143,14704,77.0,103.0,6
3144,14705,78.0,103.0,7
3145,14706,79.0,103.0,12
3146,14707,80.0,103.0,4
3147,14708,81.0,103.0,18
3148,14709,82.0,103.0,19
3149,14710,83.0,103.0,27
3150,14711,84.0,103.0,3
3151,14712,85.0,103.0,2
3152,14715,88.0,103.0,1
3153,14716,89.0,103.0,14
3154,14718,91.0,103.0,10
3155,14720,93.0,103.0,10
3156,14721,94.0,103.0,9
3157,14722,95.0,103.0,4
3158,14723,96.0,103.0,10
3159,14724,97.0,103.0,3
3160,14726,99.0,103.0,3
3161,14733,106.0,103.0,3
3162,14738,111.0,103.0,17
3163,14739,112.0,103.0,2
3164,14740,113.0,103.0,3
3166,14758,131.0,103.0,1
3167,14760,133.0,103.0,1
3168,14916,5.0,105.0,10
3169,14917,6.0,105.0,2
3170,14919,8.0,105.0,1
3171,14923,12.0,105.0,3
3172,14924,13.0,105.0,5
3173,14937,26.0,105.0,1
3175,14941,30.0,105.0,2
3176,14950,39.0,105.0,2
3177,14952,41.0,105.0,3
3178,14953,42.0,105.0,9
3179,14954,43.0,105.0,5
3180,14955,44.0,105.0,16
3181,14956,45.0,105.0,7
3182,14957,46.0,105.0,1
3183,14958,47.0,105.0,25
3184,14959,48.0,105.0,9
3185,14963,52.0,105.0,5
3186,14969,58.0,105.0,3
3187,14970,59.0,105.0,5
3188,14971,60.0,105.0,8
3189,14972,61.0,105.0,19
3190,14973,62.0,105.0,12
3191,14974,63.0,105.0,13
3192,14975,64.0,105.0,10
3193,14976,65.0,105.0,7
3194,14977,66.0,105.0,29
3195,14978,67.0,105.0,4
3196,14979,68.0,105.0,6
3197,14980,69.0,105.0,3
3198,14981,70.0,105.0,8
3199,14982,71.0,105.0,9
3200,14983,72.0,105.0,6
3201,14984,73.0,105.0,17
3202,14985,74.0,105.0,7
3203,14986,75.0,105.0,14
3204,14987,76.0,105.0,10
3205,14989,78.0,105.0,13
3206,14990,79.0,105.0,19
3207,14991,80.0,105.0,4
3208,14992,81.0,105.0,15
3209,14993,82.0,105.0,15
3210,14994,83.0,105.0,32
3211,14995,84.0,105.0,2
3212,14996,85.0,105.0,3
3213,14997,86.0,105.0,3
3214,14998,87.0,105.0,2
3215,14999,88.0,105.0,39
3216,15000,89.0,105.0,25
3217,15001,90.0,105.0,15
3218,15002,91.0,105.0,54
3219,15003,92.0,105.0,5
3220,15005,94.0,105.0,7
3221,15006,95.0,105.0,5
3222,15007,96.0,105.0,5
3223,15009,98.0,105.0,1
3224,15010,99.0,105.0,3
3225,15014,103.0,105.0,2
3226,15015,104.0,105.0,3
3227,15016,105.0,105.0,2
3228,15017,106.0,105.0,5
3229,15018,107.0,105.0,16
3230,15019,108.0,105.0,15
3231,15020,109.0,105.0,1
3232,15021,110.0,105.0,4
3233,15022,111.0,105.0,6
3234,15023,112.0,105.0,6
3235,15024,113.0,105.0,19
3236,15025,114.0,105.0,2
3237,15035,124.0,105.0,18
3239,15042,131.0,105.0,1
3240,15078,25.0,106.0,2
3241,15082,29.0,106.0,8
3242,15084,31.0,106.0,1
3243,15091,38.0,106.0,3
3244,15094,41.0,106.0,8
3245,15095,42.0,106.0,6
3246,15096,43.0,106.0,1
3247,15097,44.0,106.0,3
3248,15098,45.0,106.0,1
3249,15099,46.0,106.0,8
3250,15101,48.0,106.0,26
3251,15103,50.0,106.0,2
3252,15105,52.0,106.0,1
3253,15111,58.0,106.0,1
3254,15112,59.0,106.0,2
3255,15113,60.0,106.0,12
3256,15114,61.0,106.0,9
3257,15115,62.0,106.0,4
3258,15116,63.0,106.0,26
3259,15117,64.0,106.0,12
3260,15118,65.0,106.0,22
3261,15119,66.0,106.0,8
3262,15121,68.0,106.0,11
3263,15122,69.0,106.0,24
3264,15123,70.0,106.0,16
3265,15124,71.0,106.0,8
3266,15125,72.0,106.0,4
3267,15126,73.0,106.0,33
3268,15127,74.0,106.0,6
3269,15128,75.0,106.0,15
3270,15129,76.0,106.0,8
3271,15130,77.0,106.0,9
3272,15131,78.0,106.0,31
3273,15132,79.0,106.0,32
3274,15133,80.0,106.0,14
3275,15134,81.0,106.0,119
3276,15135,82.0,106.0,71
3277,15136,83.0,106.0,16
3278,15139,86.0,106.0,14
3279,15140,87.0,106.0,12
3280,15141,88.0,106.0,30
3281,15142,89.0,106.0,19
3282,15143,90.0,106.0,5
3283,15144,91.0,106.0,15
3284,15145,92.0,106.0,5
3285,15159,106.0,106.0,2
3286,15160,107.0,106.0,17
3287,15161,108.0,106.0,1
3288,15162,109.0,106.0,1
3289,15163,110.0,106.0,1
3290,15164,111.0,106.0,1
3291,15165,112.0,106.0,4
3292,15166,113.0,106.0,21
3293,15167,114.0,106.0,20
3294,15168,115.0,106.0,23
3295,15169,116.0,106.0,4
3296,15174,121.0,106.0,1
3297,15175,122.0,106.0,2
3298,15176,123.0,106.0,1
3299,15179,126.0,106.0,1
3300,15184,131.0,106.0,4
3301,15186,133.0,106.0,6
3302,15206,11.0,107.0,2
3303,15221,26.0,107.0,1
3304,15222,27.0,107.0,2
3305,15231,36.0,107.0,2
3306,15233,38.0,107.0,3
3307,15240,45.0,107.0,5
3308,15241,46.0,107.0,2
3309,15242,47.0,107.0,2
3310,15243,48.0,107.0,13
3311,15245,50.0,107.0,5
3312,15246,51.0,107.0,1
3313,15248,53.0,107.0,4
3314,15253,58.0,107.0,6
3315,15254,59.0,107.0,7
3316,15255,60.0,107.0,15
3317,15256,61.0,107.0,34
3318,15257,62.0,107.0,59
3319,15258,63.0,107.0,29
3320,15259,64.0,107.0,17
3321,15260,65.0,107.0,9
3322,15261,66.0,107.0,4
3323,15264,69.0,107.0,1
3324,15266,71.0,107.0,7
3325,15269,74.0,107.0,11
3327,15271,76.0,107.0,2
3328,15272,77.0,107.0,41
3329,15273,78.0,107.0,12
3330,15274,79.0,107.0,1
3331,15275,80.0,107.0,24
3332,15276,81.0,107.0,5
3333,15277,82.0,107.0,32
3334,15278,83.0,107.0,22
3335,15281,86.0,107.0,11
3336,15282,87.0,107.0,4
3337,15283,88.0,107.0,3
3338,15284,89.0,107.0,11
3339,15285,90.0,107.0,2
3340,15286,91.0,107.0,5
3341,15288,93.0,107.0,2
3342,15289,94.0,107.0,7
3343,15292,97.0,107.0,10
3344,15303,108.0,107.0,3
3345,15307,112.0,107.0,5
3346,15309,114.0,107.0,4
3347,15310,115.0,107.0,6
3348,15311,116.0,107.0,3
3349,15312,117.0,107.0,7
3350,15313,118.0,107.0,2
3351,15314,119.0,107.0,4
3352,15316,121.0,107.0,1
3353,15317,122.0,107.0,4
3354,15329,134.0,107.0,2
3355,15342,5.0,108.0,3
3356,15347,10.0,108.0,5
3357,15381,44.0,108.0,4
3358,15394,57.0,108.0,6
3359,15396,59.0,108.0,12
3360,15397,60.0,108.0,24
3361,15398,61.0,108.0,38
3362,15399,62.0,108.0,10
3363,15400,63.0,108.0,12
3364,15401,64.0,108.0,10
3365,15402,65.0,108.0,6
3366,15403,66.0,108.0,1
3367,15405,68.0,108.0,3
3368,15407,70.0,108.0,4
3369,15408,71.0,108.0,1
3370,15410,73.0,108.0,2
3371,15411,74.0,108.0,10
3372,15413,76.0,108.0,1
3373,15414,77.0,108.0,4
3374,15415,78.0,108.0,4
3375,15416,79.0,108.0,16
3376,15417,80.0,108.0,43
3377,15418,81.0,108.0,10
3378,15419,82.0,108.0,27
3379,15420,83.0,108.0,8
3380,15424,87.0,108.0,2
3381,15425,88.0,108.0,14
3382,15426,89.0,108.0,18
3383,15428,91.0,108.0,2
3384,15429,92.0,108.0,6
3385,15430,93.0,108.0,4
3386,15432,95.0,108.0,1
3387,15434,97.0,108.0,4
3388,15450,113.0,108.0,9
3389,15454,117.0,108.0,5
3390,15461,124.0,108.0,1
3391,15471,134.0,108.0,11
3392,15512,33.0,109.0,3
3393,15517,38.0,109.0,1
3394,15527,48.0,109.0,3
3395,15535,56.0,109.0,1
3396,15538,59.0,109.0,4
3397,15539,60.0,109.0,18
3398,15541,62.0,109.0,10
3399,15542,63.0,109.0,7
3400,15543,64.0,109.0,1
3401,15544,65.0,109.0,5
3402,15545,66.0,109.0,5
3403,15547,68.0,109.0,8
3404,15550,71.0,109.0,6
3405,15551,72.0,109.0,14
3406,15556,77.0,109.0,1
3407,15557,78.0,109.0,3
3408,15559,80.0,109.0,13
3409,15560,81.0,109.0,6
3410,15561,82.0,109.0,5
3411,15562,83.0,109.0,1
3412,15563,84.0,109.0,1
3413,15565,86.0,109.0,2
3414,15566,87.0,109.0,4
3415,15567,88.0,109.0,1
3416,15568,89.0,109.0,7
3417,15569,90.0,109.0,2
3418,15570,91.0,109.0,9
3419,15596,117.0,109.0,1
3420,15613,134.0,109.0,8
3421,15614,135.0,109.0,20
3422,15650,29.0,110.0,1
3423,15655,34.0,110.0,1
3424,15659,38.0,110.0,4
3425,15672,51.0,110.0,4
3426,15673,52.0,110.0,7
3427,15676,55.0,110.0,3
3428,15679,58.0,110.0,4
3429,15680,59.0,110.0,68
3430,15681,60.0,110.0,7
3431,15682,61.0,110.0,3
3432,15683,62.0,110.0,36
3433,15684,63.0,110.0,8
3434,15685,64.0,110.0,9
3435,15686,65.0,110.0,2
3436,15689,68.0,110.0,7
3437,15691,70.0,110.0,1
3438,15694,73.0,110.0,1
3439,15698,77.0,110.0,1
3440,15701,80.0,110.0,5
3441,15702,81.0,110.0,1
3442,15703,82.0,110.0,2
3443,15704,83.0,110.0,7
3444,15707,86.0,110.0,10
3445,15709,88.0,110.0,4
3446,15710,89.0,110.0,3
3447,15711,90.0,110.0,11
3448,15712,91.0,110.0,10
3449,15713,92.0,110.0,1
3450,15718,97.0,110.0,2
3452,15731,110.0,110.0,2
3453,15735,114.0,110.0,3
3454,15736,115.0,110.0,5
3455,15737,116.0,110.0,8
3456,15738,117.0,110.0,1
3457,15740,119.0,110.0,2
3458,15755,134.0,110.0,10
3459,15756,135.0,110.0,28
3460,15768,5.0,111.0,2
3461,15788,25.0,111.0,2
3462,15806,43.0,111.0,1
3463,15814,51.0,111.0,6
3464,15815,52.0,111.0,1
3465,15816,53.0,111.0,6
3466,15818,55.0,111.0,4
3468,15822,59.0,111.0,59
3469,15823,60.0,111.0,7
3470,15825,62.0,111.0,11
3471,15827,64.0,111.0,2
3472,15829,66.0,111.0,6
3473,15831,68.0,111.0,10
3474,15832,69.0,111.0,25
3475,15836,73.0,111.0,7
3476,15845,82.0,111.0,10
3477,15846,83.0,111.0,1
3478,15854,91.0,111.0,16
3479,15872,109.0,111.0,1
3480,15873,110.0,111.0,1
3481,15874,111.0,111.0,3
3482,15879,116.0,111.0,2
3483,15893,130.0,111.0,1
3484,15920,15.0,112.0,7
3485,15949,44.0,112.0,4
3486,15956,51.0,112.0,3
3487,15958,53.0,112.0,1
3488,15960,55.0,112.0,1
3489,15961,56.0,112.0,13
3490,15962,57.0,112.0,1
3491,15964,59.0,112.0,21
3492,15965,60.0,112.0,3
3493,15966,61.0,112.0,4
3494,15967,62.0,112.0,1
3495,15969,64.0,112.0,6
3496,15971,66.0,112.0,2
3497,15973,68.0,112.0,9
3498,15974,69.0,112.0,24
3499,15975,70.0,112.0,2
3500,15978,73.0,112.0,6
3501,15979,74.0,112.0,9
3502,15981,76.0,112.0,5
3503,15984,79.0,112.0,3
3504,15985,80.0,112.0,2
3505,15987,82.0,112.0,7
3506,15988,83.0,112.0,6
3507,15994,89.0,112.0,10
3508,15995,90.0,112.0,4
3509,15996,91.0,112.0,4
3510,15997,92.0,112.0,3
3511,15999,94.0,112.0,4
3512,16002,97.0,112.0,2
3513,16021,116.0,112.0,2
3514,16049,2.0,113.0,2
3515,16079,32.0,113.0,2
3516,16080,33.0,113.0,1
3517,16086,39.0,113.0,1
3518,16091,44.0,113.0,4
3519,16095,48.0,113.0,1
3520,16096,49.0,113.0,7
3521,16097,50.0,113.0,3
3522,16102,55.0,113.0,3
3523,16106,59.0,113.0,3
3524,16107,60.0,113.0,4
3525,16109,62.0,113.0,3
3526,16110,63.0,113.0,1
3527,16111,64.0,113.0,1
3528,16115,68.0,113.0,2
3529,16117,70.0,113.0,3
3530,16121,74.0,113.0,21
3531,16124,77.0,113.0,15
3532,16131,84.0,113.0,11
3533,16134,87.0,113.0,3
3534,16138,91.0,113.0,2
3535,16139,92.0,113.0,1
3536,16171,124.0,113.0,1
3537,16182,135.0,113.0,3
3538,16365,34.0,115.0,1
3539,16382,51.0,115.0,1
3540,16384,53.0,115.0,1
3541,16385,54.0,115.0,1
3542,16386,55.0,115.0,8
3543,16390,59.0,115.0,1
3544,16391,60.0,115.0,30
3545,16394,63.0,115.0,2
3546,16397,66.0,115.0,2
3547,16404,73.0,115.0,1
3548,16411,80.0,115.0,4
3549,16418,87.0,115.0,3
3550,16421,90.0,115.0,4
3551,16422,91.0,115.0,2
3552,16423,92.0,115.0,5
3553,16432,101.0,115.0,1
3554,16444,113.0,115.0,2
3555,16465,134.0,115.0,2
3556,16467,136.0,115.0,11
3557,16504,31.0,116.0,1
3558,16512,39.0,116.0,1
3559,16516,43.0,116.0,5
3560,16522,49.0,116.0,1
3561,16525,52.0,116.0,4
3562,16527,54.0,116.0,1
3563,16529,56.0,116.0,3
3564,16535,62.0,116.0,3
3565,16537,64.0,116.0,6
3566,16538,65.0,116.0,1
3567,16540,67.0,116.0,6
3568,16541,68.0,116.0,3
3569,16542,69.0,116.0,7
3570,16543,70.0,116.0,1
3571,16544,71.0,116.0,4
3572,16545,72.0,116.0,15
3573,16546,73.0,116.0,10
3574,16547,74.0,116.0,25
3575,16550,77.0,116.0,8
3576,16565,92.0,116.0,9
3577,16566,93.0,116.0,2
3578,16593,120.0,116.0,1
3579,16644,29.0,117.0,4
3580,16655,40.0,117.0,1
3581,16665,50.0,117.0,2
3582,16667,52.0,117.0,2
3583,16670,55.0,117.0,2
3584,16674,59.0,117.0,5
3585,16677,62.0,117.0,1
3586,16678,63.0,117.0,7
3587,16680,65.0,117.0,2
3588,16681,66.0,117.0,3
3590,16686,71.0,117.0,4
3591,16688,73.0,117.0,27
3592,16689,74.0,117.0,50
3593,16690,75.0,117.0,4
3594,16707,92.0,117.0,13
3595,16751,136.0,117.0,3
3596,16799,42.0,118.0,26
3597,16800,43.0,118.0,34
3598,16803,46.0,118.0,6
3599,16808,51.0,118.0,6
3600,16809,52.0,118.0,10
3601,16819,62.0,118.0,3
3602,16820,63.0,118.0,1
3603,16830,73.0,118.0,20
3604,16831,74.0,118.0,12
3605,16832,75.0,118.0,23
3606,16836,79.0,118.0,1
3607,16839,82.0,118.0,8
3609,16843,86.0,118.0,1
3610,16846,89.0,118.0,2
3611,16849,92.0,118.0,8
3612,16850,93.0,118.0,1
3613,16852,95.0,118.0,1
3614,16853,96.0,118.0,2
3615,16872,115.0,118.0,5
3616,16893,136.0,118.0,4
3617,16938,39.0,119.0,1
3618,16939,40.0,119.0,11
3619,16940,41.0,119.0,13
3620,16941,42.0,119.0,9
3621,16942,43.0,119.0,4
3622,16944,45.0,119.0,6
3623,16949,50.0,119.0,1
3625,16960,61.0,119.0,2
3626,16962,63.0,119.0,4
3627,16963,64.0,119.0,2
3628,16964,65.0,119.0,3
3629,16968,69.0,119.0,2
3630,16969,70.0,119.0,1
3631,16972,73.0,119.0,3
3632,16975,76.0,119.0,5
3633,16979,80.0,119.0,2
3634,16981,82.0,119.0,4
3635,16983,84.0,119.0,1
3636,16984,85.0,119.0,1
3637,16987,88.0,119.0,1
3638,16990,91.0,119.0,5
3639,16991,92.0,119.0,28
3640,16992,93.0,119.0,6
3641,16993,94.0,119.0,3
3642,16994,95.0,119.0,3
3643,17012,113.0,119.0,1
3644,17013,114.0,119.0,13
3645,17014,115.0,119.0,9
3646,17026,127.0,119.0,3
3647,17032,133.0,119.0,1
3648,17081,40.0,120.0,10
3649,17083,42.0,120.0,26
3650,17084,43.0,120.0,2
3651,17096,55.0,120.0,3
3652,17098,57.0,120.0,1
3653,17101,60.0,120.0,2
3654,17102,61.0,120.0,1
3655,17103,62.0,120.0,5
3656,17104,63.0,120.0,3
3657,17108,67.0,120.0,9
3658,17110,69.0,120.0,4
3659,17111,70.0,120.0,4
3660,17113,72.0,120.0,2
3661,17114,73.0,120.0,20
3662,17116,75.0,120.0,1
3663,17118,77.0,120.0,1
3664,17126,85.0,120.0,1
3665,17131,90.0,120.0,1
3666,17133,92.0,120.0,11
3667,17136,95.0,120.0,1
3668,17139,98.0,120.0,4
3669,17141,100.0,120.0,6
3670,17154,113.0,120.0,19
3671,17155,114.0,120.0,2
3672,17171,130.0,120.0,8
3673,17174,133.0,120.0,1
3674,17176,135.0,120.0,6
3675,17177,136.0,120.0,1
3676,17225,42.0,121.0,8
3677,17232,49.0,121.0,1
3678,17236,53.0,121.0,1
3679,17240,57.0,121.0,27
3681,17249,66.0,121.0,2
3682,17250,67.0,121.0,1
3683,17252,69.0,121.0,3
3684,17253,70.0,121.0,1
3685,17254,71.0,121.0,1
3686,17255,72.0,121.0,27
3687,17257,74.0,121.0,7
3688,17268,85.0,121.0,9
3689,17271,88.0,121.0,3
3690,17273,90.0,121.0,2
3691,17275,92.0,121.0,4
3692,17282,99.0,121.0,3
3693,17296,113.0,121.0,2
3694,17317,134.0,121.0,3
3695,17318,135.0,121.0,18
3696,17319,136.0,121.0,8
3697,17368,43.0,122.0,2
3698,17372,47.0,122.0,4
3699,17373,48.0,122.0,3
3700,17378,53.0,122.0,1
3701,17380,55.0,122.0,1
3702,17382,57.0,122.0,21
3703,17383,58.0,122.0,7
3704,17384,59.0,122.0,1
3705,17386,61.0,122.0,8
3706,17387,62.0,122.0,2
3707,17391,66.0,122.0,2
3708,17396,71.0,122.0,4
3709,17397,72.0,122.0,3
3710,17400,75.0,122.0,1
3711,17404,79.0,122.0,1
3712,17405,80.0,122.0,2
3713,17421,96.0,122.0,1
3714,17422,97.0,122.0,1
3715,17456,131.0,122.0,6
3716,17459,134.0,122.0,15
3717,17460,135.0,122.0,13
3718,17461,136.0,122.0,3
3719,17512,45.0,123.0,7
3720,17514,47.0,123.0,1
3721,17523,56.0,123.0,7
3722,17524,57.0,123.0,13
3723,17526,59.0,123.0,7
3724,17528,61.0,123.0,12
3725,17531,64.0,123.0,2
3726,17534,67.0,123.0,6
3727,17537,70.0,123.0,5
3728,17538,71.0,123.0,4
3729,17540,73.0,123.0,7
3730,17542,75.0,123.0,2
3731,17548,81.0,123.0,2
3732,17559,92.0,123.0,2
3733,17569,102.0,123.0,5
3734,17570,103.0,123.0,10
3735,17587,120.0,123.0,1
3736,17597,130.0,123.0,1
3737,17598,131.0,123.0,1
3738,17603,136.0,123.0,5
3739,17792,41.0,125.0,5
3740,17805,54.0,125.0,6
3741,17807,56.0,125.0,7
3742,17808,57.0,125.0,28
3743,17810,59.0,125.0,11
3744,17814,63.0,125.0,12
3745,17828,77.0,125.0,2
3746,17836,85.0,125.0,2
3747,17853,102.0,125.0,2
3748,17854,103.0,125.0,11
3749,17886,135.0,125.0,1
3750,17943,50.0,126.0,4
3751,17949,56.0,126.0,2
3752,17950,57.0,126.0,9
3753,17951,58.0,126.0,1
3754,17967,74.0,126.0,7
3755,17974,81.0,126.0,1
3756,17975,82.0,126.0,1
3757,17976,83.0,126.0,2
3758,17985,92.0,126.0,2
3759,17990,97.0,126.0,1
3760,17996,103.0,126.0,3
3761,18029,136.0,126.0,9
3762,18084,49.0,127.0,3
3763,18088,53.0,127.0,9
3765,18099,64.0,127.0,4
3766,18104,69.0,127.0,5
3767,18105,70.0,127.0,5
3768,18112,77.0,127.0,1
3769,18113,78.0,127.0,2
3770,18117,82.0,127.0,4
3771,18126,91.0,127.0,1
3772,18138,103.0,127.0,8
3773,18161,126.0,127.0,2
3774,18229,52.0,128.0,3
3775,18240,63.0,128.0,2
3776,18241,64.0,128.0,1
3777,18247,70.0,128.0,1
3778,18303,126.0,128.0,1
3779,18313,136.0,128.0,3
3780,18402,83.0,129.0,1
3781,18409,90.0,129.0,2
3783,18431,112.0,129.0,9
3784,18452,133.0,129.0,9
3785,18455,136.0,129.0,4
3787,18564,103.0,130.0,1
3788,18570,109.0,130.0,1
3789,18572,111.0,130.0,4
3790,18573,112.0,130.0,17
3791,18574,113.0,130.0,5
3792,18591,130.0,130.0,2
3793,18594,133.0,130.0,5
3794,18596,135.0,130.0,3
3795,18597,136.0,130.0,23
3796,18598,137.0,130.0,6
3797,18701,98.0,131.0,3
3798,18719,116.0,131.0,5
3799,18737,134.0,131.0,14
3800,18738,135.0,131.0,48
3801,18739,136.0,131.0,28
3802,18740,137.0,131.0,2
3803,18843,98.0,132.0,1
3804,18852,107.0,132.0,4
3805,18855,110.0,132.0,2
3806,18864,119.0,132.0,10
3807,18865,120.0,132.0,1
3808,18866,121.0,132.0,2
3809,18868,123.0,132.0,1
3810,18875,130.0,132.0,1
3811,18879,134.0,132.0,7
3812,18880,135.0,132.0,6
3813,18881,136.0,132.0,35
3814,18882,137.0,132.0,15
3815,18985,98.0,133.0,3
3816,18992,105.0,133.0,2
3818,19000,113.0,133.0,1
3819,19006,119.0,133.0,2
3820,19011,124.0,133.0,4
3821,19012,125.0,133.0,1
3822,19017,130.0,133.0,1
3823,19021,134.0,133.0,1
3824,19022,135.0,133.0,2
3825,19023,136.0,133.0,9
3826,19024,137.0,133.0,7
3827,19025,138.0,133.0,6
3828,19273,102.0,135.0,13
3829,19296,125.0,135.0,3
3830,19305,134.0,135.0,2
3831,19306,135.0,135.0,1
3832,19307,136.0,135.0,2
3833,19308,137.0,135.0,5
3834,19309,138.0,135.0,16
3835,19310,139.0,135.0,7
3836,19411,98.0,136.0,2
3837,19423,110.0,136.0,1
3838,19439,126.0,136.0,1
3839,19441,128.0,136.0,1
3840,19442,129.0,136.0,1
3841,19445,132.0,136.0,3
3842,19447,134.0,136.0,2
3843,19449,136.0,136.0,1
3844,19451,138.0,136.0,17
3845,19452,139.0,136.0,10
3846,19453,140.0,136.0,9
3847,19557,102.0,137.0,2
3848,19559,104.0,137.0,2
3849,19572,117.0,137.0,8
3850,19573,118.0,137.0,1
3851,19582,127.0,137.0,2
3852,19584,129.0,137.0,4
3853,19585,130.0,137.0,5
3854,19586,131.0,137.0,10
3855,19588,133.0,137.0,4
3856,19589,134.0,137.0,2
3857,19593,138.0,137.0,2
3858,19594,139.0,137.0,15
3859,19595,140.0,137.0,20
3860,19694,97.0,138.0,1
3861,19696,99.0,138.0,2
3862,19710,113.0,138.0,3
3863,19716,119.0,138.0,6
3864,19717,120.0,138.0,1
3865,19720,123.0,138.0,1
3866,19722,125.0,138.0,1
3867,19723,126.0,138.0,1
3868,19726,129.0,138.0,1
3869,19730,133.0,138.0,3
3870,19732,135.0,138.0,1
3871,19735,138.0,138.0,47
3872,19736,139.0,138.0,36
3873,19737,140.0,138.0,42
3874,19738,141.0,138.0,20
3875,19842,103.0,139.0,1
3876,19844,105.0,139.0,4
3877,19845,106.0,139.0,2
3878,19860,121.0,139.0,2
3879,19870,131.0,139.0,6
3880,19873,134.0,139.0,1
3882,19875,136.0,139.0,19
3883,19876,137.0,139.0,6
3884,19877,138.0,139.0,30
3885,19878,139.0,139.0,27
3886,19879,140.0,139.0,41
3887,19880,141.0,139.0,44
3888,19976,95.0,140.0,3
3889,19980,99.0,140.0,3
3890,19982,101.0,140.0,3
3891,19983,102.0,140.0,2
3892,20010,129.0,140.0,2
3893,20012,131.0,140.0,3
3894,20013,132.0,140.0,3
3895,20014,133.0,140.0,3
3896,20015,134.0,140.0,2
3897,20016,135.0,140.0,2
3898,20017,136.0,140.0,4
3899,20019,138.0,140.0,5
3900,20020,139.0,140.0,5
3901,20021,140.0,140.0,32
3902,20122,99.0,141.0,1
3903,20136,113.0,141.0,10
3904,20147,124.0,141.0,3
3905,20148,125.0,141.0,1
3906,20156,133.0,141.0,2
3907,20157,134.0,141.0,6
3908,20158,135.0,141.0,2
3909,20159,136.0,141.0,6
3910,20160,137.0,141.0,5
3911,20162,139.0,141.0,38
3912,20163,140.0,141.0,47
3913,20164,141.0,141.0,2
3914,20264,99.0,142.0,11
3915,20265,100.0,142.0,6
3919,20298,133.0,142.0,12
3920,20299,134.0,142.0,6
3921,20301,136.0,142.0,4
3922,20302,137.0,142.0,7
3923,20304,139.0,142.0,14
3924,20305,140.0,142.0,32
3925,20306,141.0,142.0,4
3926,20406,99.0,143.0,23
3927,20434,127.0,143.0,3
3929,20445,138.0,143.0,45
3930,20446,139.0,143.0,25
3931,20447,140.0,143.0,5
3932,20690,99.0,145.0,10
3934,20714,123.0,145.0,1
3935,20718,127.0,145.0,1
3937,20729,138.0,145.0,4
3938,20730,139.0,145.0,8
3939,20731,140.0,145.0,2
3940,20846,113.0,146.0,2
3941,20851,118.0,146.0,2
3942,20860,127.0,146.0,5
3943,20865,132.0,146.0,1
3944,20868,135.0,146.0,6
3945,20871,138.0,146.0,15
3946,20872,139.0,146.0,2
3947,21013,138.0,147.0,7
3948,21125,108.0,148.0,3
3949,21130,113.0,148.0,1
3950,21132,115.0,148.0,2
3951,21136,119.0,148.0,2
3952,21139,122.0,148.0,2
3953,21269,110.0,149.0,2
3954,21404,103.0,150.0,2
3955,21438,137.0,150.0,1
3956,21544,101.0,151.0,1
3957,21556,113.0,151.0,1
3958,21565,122.0,151.0,4
3959,21571,128.0,151.0,5
3960,21683,98.0,152.0,4
3961,21695,110.0,152.0,4
3962,21720,135.0,152.0,1
3963,21834,107.0,153.0,1
3964,21847,120.0,153.0,7
3965,21862,135.0,153.0,1
3966,22122,111.0,155.0,8
3967,22127,116.0,155.0,2
3968,22146,135.0,155.0,1
3969,22255,102.0,156.0,1
3971,22262,109.0,156.0,1
3972,22263,110.0,156.0,40
3973,22264,111.0,156.0,6
3974,22271,118.0,156.0,3
3975,22273,120.0,156.0,2
3976,22276,123.0,156.0,1
3978,22405,110.0,157.0,1
3979,22539,102.0,158.0,3
3980,22552,115.0,158.0,1
3981,22565,128.0,158.0,2
3982,22713,134.0,159.0,1
3983,2186,55.0,15.0,1
3984,13784,9.0,97.0,1
